cueName,source,target
voice_001_001,"私は猫宮さくら！
貴方に将棋の楽しさをいーっぱい教えちゃうから、よろしく！",
voice_001_002,楽しく指すのがいちばん！いくよー！,
voice_001_003,よろしくお願いします！,
voice_001_004,わわっ、私がもう一人！？負けないんだからー！,
voice_001_005,やったぁ！私の勝ちだね！,
voice_001_006,楽しく指せたね！また一緒に将棋しよ！,
voice_001_007,みんなで力を合わせて、せーの、ドーン！！,
voice_001_008,えへへっ、会心の一撃だよ！完璧に決まったね！,
voice_001_009,"待ってたよ！
早く指しに行こー！",
voice_001_010,"おかえりなさい！
今日もいっぱい遊ぼうね！",
voice_001_011,私の右四間飛車はすごいんだから！ドーンって攻めるのが最高に気持ちいいんだよ！,
voice_001_012,"私の目標はね、お店に来てくれるみんなを笑顔にすること！　
お客さんにも戦法を教わって、毎日成長中だよーっ！",
voice_001_013,"私ね、ワクワクすることを探すのが大好きなんだ〜！
ねぇねぇ！一緒に行って見つけてみない？
きっと楽しいよ！",
voice_001_014,"将棋もお仕事も、一歩ずつステップアップできるように頑張ってるんだ～！
覚えることは沢山あるけど、毎日が刺激的で楽しいなっ！",
voice_001_015,"なんだかお疲れさま？
甘い飲み物でも飲んで、楽しく指そ！",
voice_001_016,"天気がいい日は、お店の窓際で日向ぼっこしたくなっちゃうな〜。
将棋の勉強は、その後にしっかりやればいいもんねっ！",
voice_001_017,"君の隣にいると、楽しい気分になるんだ～。
ね、もっと近くでお話ししよ？",
voice_001_018,"ここだけの話なんだけど……。
負けて泣いちゃった後、こっそりお菓子を食べて元気を出してるんだ！
ユキちゃんには内緒だよ！",
voice_001_019,ありがとーっ！,
voice_001_020,わーい！大好きなやつだ！,
voice_001_021,君と一緒にいる時間が増えたね！,
voice_001_022,"ねえねえ、こっちに来て来て～。 
お日様がポカポカしてて、気持ちいいんだ～。 
君も隣でお昼寝する？",
voice_001_023,"最近、君の姿が見えると駆け寄りたくなっちゃうんだ！
人込みの中でも、君だけはすぐに見つけられるかも！",
voice_001_024,"君の隣にいると、なんだか嬉しくなっちゃうんだ！
えへへ、私だけじゃなくて、君もそうだと嬉しいな！",
voice_001_025,"私ね、君がお店に来てくれる時間が大好きなの！ 
君の隣は、胸がポカポカしてて幸せな気持ちになるんだ！
ずっと、私のそばにいてねっ！",
voice_001_026,"えっ、私が師匠！？ 
えへへ、頑張っちゃうよ！
さぁ一緒に、楽しい将棋の道へレッツゴー！",
voice_001_027,王手だよ！,
voice_001_028,使うよ！,
voice_001_029,詰みだよ！,
voice_001_030,うぅ～！悔しい～！,
voice_001_031,引き分けだ～,
voice_001_032,時間切れか～,
voice_001_033,一気にいくよ～！,
voice_001_034,なるよ！,
voice_001_035,ここからだ～！,
voice_001_036,いい感じ！,
voice_001_037,諦めないよ！,
voice_001_038,打ち込むよ！,
voice_001_039,金矢倉,
voice_001_040,銀矢倉,
voice_001_041,片矢倉,
voice_001_042,菊水矢倉,
voice_001_043,菱矢倉,
voice_001_044,土居囲い,
voice_001_045,総矢倉,
voice_001_046,銀立ち矢倉,
voice_001_047,矢倉穴熊,
voice_001_048,カブト囲い,
voice_001_049,右矢倉,
voice_001_050,雁木囲い,
voice_001_051,居飛車穴熊,
voice_001_052,居飛穴音無しの構え,
voice_001_053,松尾流穴熊,
voice_001_054,銀冠穴熊,
voice_001_055,左美濃,
voice_001_056,天守閣美濃,
voice_001_057,カニ囲い,
voice_001_058,早囲い,
voice_001_059,中住まい,
voice_001_060,中原玉,
voice_001_061,elmo囲い,
voice_001_062,美濃囲い,
voice_001_063,片美濃囲い,
voice_001_064,高美濃囲い,
voice_001_065,木村美濃,
voice_001_066,金美濃,
voice_001_067,銀美濃,
voice_001_068,ダイヤモンド美濃,
voice_001_069,ちょんまげ美濃,
voice_001_070,大山美濃,
voice_001_071,ずれ美濃,
voice_001_072,坊主美濃,
voice_001_073,升田美濃,
voice_001_074,プラチナ美濃,
voice_001_075,四枚美濃,
voice_001_076,美濃熊囲い,
voice_001_077,振り飛車穴熊,
voice_001_078,銀冠,
voice_001_079,端玉銀冠,
voice_001_080,金冠,
voice_001_081,金盾囲い,
voice_001_082,金無双,
voice_001_083,アヒル囲い,
voice_001_084,ALSOK囲い,
voice_001_085,いちご囲い,
voice_001_086,大隅囲い,
voice_001_087,空中楼閣,
voice_001_088,串カツ囲い,
voice_001_089,裾固め,
voice_001_090,箱入り娘,
voice_001_091,舟囲い,
voice_001_092,ビッグ４,
voice_001_093,ボナンザ囲い,
voice_001_094,ミレニアム囲い,
voice_001_095,無敵囲い,
voice_001_096,相掛かり,
voice_001_097,相掛かり棒銀,
voice_001_098,飯島流相掛かり引き角,
voice_001_099,中原流相掛かり,
voice_001_100,ひねり飛車,
voice_001_101,塚田スペシャル,
voice_001_102,UFO銀,
voice_001_103,横歩取り,
voice_001_104,相横歩取り,
voice_001_105,青野流,
voice_001_106,８五飛車,
voice_001_107,４五角戦法,
voice_001_108,勇気流,
voice_001_109,竹部スペシャル,
voice_001_110,２三歩戦法,
voice_001_111,３三角型空中戦法,
voice_001_112,３三桂戦法,
voice_001_113,角換わり,
voice_001_114,腰掛け銀,
voice_001_115,角換わり棒銀,
voice_001_116,角換わり右玉,
voice_001_117,一手損角換わり,
voice_001_118,木村定跡,
voice_001_119,阿久津流急戦矢倉,
voice_001_120,中原流急戦矢倉,
voice_001_121,米長流急戦矢倉,
voice_001_122,矢倉棒銀,
voice_001_123,脇システム,
voice_001_124,森下システム,
voice_001_125,３七銀戦法,
voice_001_126,四手角,
voice_001_127,ウソ矢倉,
voice_001_128,左美濃急戦,
voice_001_129,居角左美濃急戦,
voice_001_130,忍者銀,
voice_001_131,新型雁木,
voice_001_132,ツノ銀雁木,
voice_001_133,対振り飛車持久戦,
voice_001_134,飯島流引き角戦法,
voice_001_135,鷺宮定跡,
voice_001_136,４六銀左急戦,
voice_001_137,４六銀右急戦,
voice_001_138,４五歩早仕掛け,
voice_001_139,山田定跡,
voice_001_140,エルモ急戦,
voice_001_141,へなちょこ急戦,
voice_001_142,玉頭位取り,
voice_001_143,５筋位取り,
voice_001_144,５七金戦法,
voice_001_145,超急戦,
voice_001_146,超速,
voice_001_147,丸山ワクチン,
voice_001_148,棒金,
voice_001_149,棒銀,
voice_001_150,原始棒銀,
voice_001_151,早繰り銀,
voice_001_152,右四間飛車,
voice_001_153,右四間飛車急戦,
voice_001_154,右四間飛車左美濃,
voice_001_155,袖飛車,
voice_001_156,羽生式袖飛車,
voice_001_157,加藤流袖飛車,
voice_001_158,中原飛車,
voice_001_159,地下鉄飛車,
voice_001_160,腰掛け銀,
voice_001_161,腰掛け金,
voice_001_162,雀刺し,
voice_001_163,鳥刺し,
voice_001_164,鎖鎌銀,
voice_001_165,ポンポン桂,
voice_001_166,新米長玉,
voice_001_167,四間飛車,
voice_001_168,角道オープン四間飛車,
voice_001_169,藤井システム,
voice_001_170,はく式四間飛車,
voice_001_171,魔界四間飛車,
voice_001_172,耀龍四間飛車,
voice_001_173,立石流,
voice_001_174,錆刀戦法,
voice_001_175,レグスペ,
voice_001_176,三間飛車,
voice_001_177,石田流,
voice_001_178,石田流本組み,
voice_001_179,新石田流,
voice_001_180,早石田,
voice_001_181,升田式石田流,
voice_001_182,楠本式石田流,
voice_001_183,ムリヤリ早石田,
voice_001_184,４→３戦法,
voice_001_185,菅井流三間飛車,
voice_001_186,菅井流ゴキゲン三間飛車,
voice_001_187,トマホーク,
voice_001_188,中田功ＸＰ,
voice_001_189,７八飛戦法,
voice_001_190,カナケンシステム,
voice_001_191,３ニ飛戦法,
voice_001_192,つくつくぼうし戦法,
voice_001_193,真部流,
voice_001_194,中飛車,
voice_001_195,ゴキゲン中飛車,
voice_001_196,先手中飛車,
voice_001_197,原始中飛車,
voice_001_198,ツノ銀中飛車,
voice_001_199,英ちゃん流中飛車,
voice_001_200,中飛車左穴熊,
voice_001_201,遠山流,
voice_001_202,矢倉中飛車,
voice_001_203,平目,
voice_001_204,向飛車,
voice_001_205,ダイレクト向かい飛車,
voice_001_206,鬼殺し向かい飛車,
voice_001_207,メリケン向かい飛車,
voice_001_208,天彦流向かい飛車,
voice_001_209,菜々河流向かい飛車,
voice_001_210,阪田流向飛車,
voice_001_211,天彦流▲6六角,
voice_001_212,菜々河流△4四角,
voice_001_213,相振り飛車,
voice_001_214,角交換振り飛車,
voice_001_215,陽動振り飛車,
voice_001_216,振り飛車ミレニアム,
voice_001_217,一間飛車,
voice_001_218,一間飛車穴熊,
voice_001_219,九間飛車,
voice_001_220,Uターン飛車,
voice_001_221,７二飛亜急戦,
voice_001_222,玉頭銀,
voice_001_223,右玉,
voice_001_224,糸谷流右玉,
voice_001_225,こいなぎ流右玉,
voice_001_226,セカステ右玉,
voice_001_227,高田流左玉,
voice_001_228,嬉野流,
voice_001_229,新嬉野流,
voice_001_230,鬼殺し,
voice_001_231,新鬼殺し,
voice_001_232,かまいたち戦法,
voice_001_233,筋違い角,
voice_001_234,相筋違い角,
voice_001_235,筋違い角阪田流,
voice_001_236,稲庭戦法,
voice_001_237,阪田流2手目△9四歩,
voice_001_238,角頭歩戦法,
voice_001_239,5手爆弾,
voice_001_240,目くらまし戦法,
voice_001_241,暴銀,
voice_001_242,風車,
voice_001_243,きmきm金,
voice_001_244,カニカニ金,
voice_001_245,カニカニ銀,
voice_001_246,ゴリゴリ金,
voice_001_247,間宮久夢流,
voice_001_248,金沢流,
voice_001_249,都成流,
voice_001_250,やばボーズ流,
voice_001_251,xaby角,
voice_001_252,GAVA角,
voice_001_253,パックマン戦法,
voice_001_254,カメレオン戦法,
voice_001_255,カリスマウィルス,
voice_001_256,ショーダンシステム,
voice_001_257,ハチワンシステム,
voice_001_258,メイドシステム,
voice_001_259,村田システム,
voice_001_260,ドラゴンスペシャル,
voice_001_261,アユムスペシャル,
voice_001_296,工藤流陽動振り飛車,
voice_002_001,"氷室ユキです 。
共に将棋の奥深さを学んでいきましょう。",
voice_002_002,どんな将棋になるか……楽しみです。,
voice_002_003,よろしくお願いします。,
voice_002_004,今こそ、研究の成果を見せる時ですね,
voice_002_005,積み重ねてきた物が形になりました。,
voice_002_006,ありがとうございました。良い対局でした。,
voice_002_007,私が追い求めていた理想に、また一歩近づけた気がいたします。,
voice_002_008,日々の研鑽も、この瞬間のためにあったのですね。,
voice_002_009,"お疲れ様です。
早速ですが、研究会を始めましょう。",
voice_002_010,"今日の研究はお休みにして、一緒にお茶に行きませんか？
二人きりで、お話ししたい気分なんです。",
voice_002_011,"矢倉は居飛車で最も格式高い戦法。
堅牢な城を築き、冷静に相手を迎え撃つのです。",
voice_002_012,"プライベートでも仕事中のように完璧に振る舞うことが目標なのですが……。
中々うまくいきませんね。",
voice_002_013,"業務には、さくらの教育も任されています。
あの子の奔放さには、時々困らされてしまいますが楽しいですね。",
voice_002_014,"好きなことですか。
やはり、将棋の研究に没頭している時間が一番好きですね。",
voice_002_015,え、前髪が跳ねている…？やだ、恥ずかしい。ちょっと直してきますね。,
voice_002_016,"少しお疲れのようですね。
私のお気に入りの茶葉で、アイスティーを淹れてきますね。",
voice_002_017,ふふ、貴方の隣にいると、ついつい気が緩んじゃいますね。,
voice_002_018,"貴方が好きだと言っていたお菓子や本のジャンルを、こっそり手帳にメモしているんです。
……貴方のことをもっと知りたくて。",
voice_002_019,"ありがとうございます。
大切に使いますね。",
voice_002_020,こんな、素晴らしいプレゼントを頂けるとは……大切にしますね。,
voice_002_021,少し貴方のことがわかってきました。,
voice_002_022,最近、一人で盤面に向かっている時より貴方と指している時の方が、新しい発見が多くて楽しいです。,
voice_002_023,"服を選ぶ時、つい『貴方はどう思うか』と考える時があります。
ふふ 、ただの将棋仲間だと思っていたはずなのに、変ですね。",
voice_002_024,"貴方が私の隣にいてくれる日々。
それを、何よりも大切にしたいと思っているんです。
……少し、気恥ずかしいですね。",
voice_002_025,"今までは一人で努力することだけが強さだと思っていました。
でも、今は貴方と歩む時間が一番の力になっています。
ずっと、隣にいていただけますか？",
voice_002_026,"私を選んでくださるのですね。
光栄です。一歩ずつ、共に歩んでいきましょう。",
voice_002_027,王手,
voice_002_028,この一手で,
voice_002_029,詰みです,
voice_002_030,研究が足りませんでした。,
voice_002_031,引き分け、ですね,
voice_002_032,時間切れですか,
voice_002_033,勝負どころですね,
voice_002_034,成ります,
voice_002_035,少し、苦しいですね,
voice_002_036,このまま押し切ります,
voice_002_037,最後まで諦めません！,
voice_002_038,流れを引き寄せます,
voice_002_039,金矢倉,
voice_002_040,銀矢倉,
voice_002_041,片矢倉,
voice_002_042,菊水矢倉,
voice_002_043,菱矢倉,
voice_002_044,土居囲い,
voice_002_045,総矢倉,
voice_002_046,銀立ち矢倉,
voice_002_047,矢倉穴熊,
voice_002_048,カブト囲い,
voice_002_049,右矢倉,
voice_002_050,雁木囲い,
voice_002_051,居飛車穴熊,
voice_002_052,居飛穴音無しの構え,
voice_002_053,松尾流穴熊,
voice_002_054,銀冠穴熊,
voice_002_055,左美濃,
voice_002_056,天守閣美濃,
voice_002_057,カニ囲い,
voice_002_058,早囲い,
voice_002_059,中住まい,
voice_002_060,中原玉,
voice_002_061,elmo囲い,
voice_002_062,美濃囲い,
voice_002_063,片美濃囲い,
voice_002_064,高美濃囲い,
voice_002_065,木村美濃,
voice_002_066,金美濃,
voice_002_067,銀美濃,
voice_002_068,ダイヤモンド美濃,
voice_002_069,ちょんまげ美濃,
voice_002_070,大山美濃,
voice_002_071,ずれ美濃,
voice_002_072,坊主美濃,
voice_002_073,升田美濃,
voice_002_074,プラチナ美濃,
voice_002_075,四枚美濃,
voice_002_076,美濃熊囲い,
voice_002_077,振り飛車穴熊,
voice_002_078,銀冠,
voice_002_079,端玉銀冠,
voice_002_080,金冠,
voice_002_081,金盾囲い,
voice_002_082,金無双,
voice_002_083,アヒル囲い,
voice_002_084,ALSOK囲い,
voice_002_085,いちご囲い,
voice_002_086,大隅囲い,
voice_002_087,空中楼閣,
voice_002_088,串カツ囲い,
voice_002_089,裾固め,
voice_002_090,箱入り娘,
voice_002_091,舟囲い,
voice_002_092,ビッグ４,
voice_002_093,ボナンザ囲い,
voice_002_094,ミレニアム囲い,
voice_002_095,無敵囲い,
voice_002_096,相掛かり,
voice_002_097,相掛かり棒銀,
voice_002_098,飯島流相掛かり引き角,
voice_002_099,中原流相掛かり,
voice_002_100,ひねり飛車,
voice_002_101,塚田スペシャル,
voice_002_102,UFO銀,
voice_002_103,横歩取り,
voice_002_104,相横歩取り,
voice_002_105,青野流,
voice_002_106,８五飛車,
voice_002_107,４五角戦法,
voice_002_108,勇気流,
voice_002_109,竹部スペシャル,
voice_002_110,２三歩戦法,
voice_002_111,３三角型空中戦法,
voice_002_112,３三桂戦法,
voice_002_113,角換わり,
voice_002_114,腰掛け銀,
voice_002_115,角換わり棒銀,
voice_002_116,角換わり右玉,
voice_002_117,一手損角換わり,
voice_002_118,木村定跡,
voice_002_119,阿久津流急戦矢倉,
voice_002_120,中原流急戦矢倉,
voice_002_121,米長流急戦矢倉,
voice_002_122,矢倉棒銀,
voice_002_123,脇システム,
voice_002_124,森下システム,
voice_002_125,３七銀戦法,
voice_002_126,四手角,
voice_002_127,ウソ矢倉,
voice_002_128,左美濃急戦,
voice_002_129,居角左美濃急戦,
voice_002_130,忍者銀,
voice_002_131,新型雁木,
voice_002_132,ツノ銀雁木,
voice_002_133,対振り飛車持久戦,
voice_002_134,飯島流引き角戦法,
voice_002_135,鷺宮定跡,
voice_002_136,４六銀左急戦,
voice_002_137,４六銀右急戦,
voice_002_138,４五歩早仕掛け,
voice_002_139,山田定跡,
voice_002_140,エルモ急戦,
voice_002_141,へなちょこ急戦,
voice_002_142,玉頭位取り,
voice_002_143,５筋位取り,
voice_002_144,５七金戦法,
voice_002_145,超急戦,
voice_002_146,超速,
voice_002_147,丸山ワクチン,
voice_002_148,棒金,
voice_002_149,棒銀,
voice_002_150,原始棒銀,
voice_002_151,早繰り銀,
voice_002_152,右四間飛車,
voice_002_153,右四間飛車急戦,
voice_002_154,右四間飛車左美濃,
voice_002_155,袖飛車,
voice_002_156,羽生式袖飛車,
voice_002_157,加藤流袖飛車,
voice_002_158,中原飛車,
voice_002_159,地下鉄飛車,
voice_002_160,腰掛け銀,
voice_002_161,腰掛け金,
voice_002_162,雀刺し,
voice_002_163,鳥刺し,
voice_002_164,鎖鎌銀,
voice_002_165,ポンポン桂,
voice_002_166,新米長玉,
voice_002_167,四間飛車,
voice_002_168,角道オープン四間飛車,
voice_002_169,藤井システム,
voice_002_170,はく式四間飛車,
voice_002_171,魔界四間飛車,
voice_002_172,耀龍四間飛車,
voice_002_173,立石流,
voice_002_174,錆刀戦法,
voice_002_175,レグスペ,
voice_002_176,三間飛車,
voice_002_177,石田流,
voice_002_178,石田流本組み,
voice_002_179,新石田流,
voice_002_180,早石田,
voice_002_181,升田式石田流,
voice_002_182,楠本式石田流,
voice_002_183,ムリヤリ早石田,
voice_002_184,４→３戦法,
voice_002_185,菅井流三間飛車,
voice_002_186,菅井流ゴキゲン三間飛車,
voice_002_187,トマホーク,
voice_002_188,中田功ＸＰ,
voice_002_189,７八飛戦法,
voice_002_190,カナケンシステム,
voice_002_191,３ニ飛戦法,
voice_002_192,つくつくぼうし戦法,
voice_002_193,真部流,
voice_002_194,中飛車,
voice_002_195,ゴキゲン中飛車,
voice_002_196,先手中飛車,
voice_002_197,原始中飛車,
voice_002_198,ツノ銀中飛車,
voice_002_199,英ちゃん流中飛車,
voice_002_200,中飛車左穴熊,
voice_002_201,遠山流,
voice_002_202,矢倉中飛車,
voice_002_203,平目,
voice_002_204,向飛車,
voice_002_205,ダイレクト向かい飛車,
voice_002_206,鬼殺し向かい飛車,
voice_002_207,メリケン向かい飛車,
voice_002_208,天彦流向かい飛車,
voice_002_209,菜々河流向かい飛車,
voice_002_210,阪田流向飛車,
voice_002_211,天彦流▲6六角,
voice_002_212,菜々河流△4四角,
voice_002_213,相振り飛車,
voice_002_214,角交換振り飛車,
voice_002_215,陽動振り飛車,
voice_002_216,振り飛車ミレニアム,
voice_002_217,一間飛車,
voice_002_218,一間飛車穴熊,
voice_002_219,九間飛車,
voice_002_220,Uターン飛車,
voice_002_221,７二飛亜急戦,
voice_002_222,玉頭銀,
voice_002_223,右玉,
voice_002_224,糸谷流右玉,
voice_002_225,こいなぎ流右玉,
voice_002_226,セカステ右玉,
voice_002_227,高田流左玉,
voice_002_228,嬉野流,
voice_002_229,新嬉野流,
voice_002_230,鬼殺し,
voice_002_231,新鬼殺し,
voice_002_232,かまいたち戦法,
voice_002_233,筋違い角,
voice_002_234,相筋違い角,
voice_002_235,筋違い角阪田流,
voice_002_236,稲庭戦法,
voice_002_237,阪田流2手目△9四歩,
voice_002_238,角頭歩戦法,
voice_002_239,5手爆弾,
voice_002_240,目くらまし戦法,
voice_002_241,暴銀,
voice_002_242,風車,
voice_002_243,きmきm金,
voice_002_244,カニカニ金,
voice_002_245,カニカニ銀,
voice_002_246,ゴリゴリ金,
voice_002_247,間宮久夢流,
voice_002_248,金沢流,
voice_002_249,都成流,
voice_002_250,やばボーズ流,
voice_002_251,xaby角,
voice_002_252,GAVA角,
voice_002_253,パックマン戦法,
voice_002_254,カメレオン戦法,
voice_002_255,カリスマウィルス,
voice_002_256,ショーダンシステム,
voice_002_257,ハチワンシステム,
voice_002_258,メイドシステム,
voice_002_259,村田システム,
voice_002_260,ドラゴンスペシャル,
voice_002_261,アユムスペシャル,
voice_002_296,工藤流陽動振り飛車,
voice_003_001,"ワシは徳永利蔵！
昔は板前をしていたが、今は隠居しておる。
困ったことがあれば何でも聞きな！",
voice_003_002,遠慮なくいかせてもらうよ！,
voice_003_003,よろしく頼むよ,
voice_003_004,はっはっは、今日は賑やかだねぇ！,
voice_003_005,いい勝負だったねぇ！,
voice_003_006,良い対局だった！ありがとうねぇ！,
voice_003_007,まだまだ若いもんには負けんよ！,
voice_003_008,カァッ！ ……おっと、つい昔の癖で、つい気合が入っちまったよ。,
voice_003_009,"お！来たかい！
早速、一局どうだい！",
voice_003_010,"待っておったよ！
今日も、話ながら指そうじゃないか！",
voice_003_011,"棒銀はいいぞぉ！
勢いに乗れば、相手の陣形をガツンとこじ開けられるからねぇ！",
voice_003_012,"料理と将棋は、意外と共通点があるもんじゃな。
素材の味を活かすのも、駒の個性を引き出すのも、己の腕次第。
いやー、どちらも奥が深いわい！",
voice_003_013,"ワシのこの笑い声、遠くからでもすぐ分かると言われてね。
元気が一番の取り柄なんだよ。",
voice_003_014,"天気のいい日は散歩に限るよ。
寄り道していい食材を見つけるのが、また楽しくてね。",
voice_003_015,"修行時代に培った技術は、一度身につけば一生消えん。
あの頃に培った集中力が、今のワシの指し手を支えておるんだねぇ。",
voice_003_016,"和菓子やお茶もいいが、夜はやっぱり酒じゃな！
月を見ながら静かに飲む酒は、また格別よ！",
voice_003_017,"おや？お腹すいてんのかい？
よし！今日はワシが美味いもんを作ってやる！",
voice_003_018,"縁ってのは不思議なもんだねぇ。
あんたという友に出会えたこと、ワシは心から感謝しておるよ。",
voice_003_019,ありがたいねぇ、大切にするよ,
voice_003_020,"おぉ！
こんなに良いもんを貰っちまっていいのかい！",
voice_003_021,あんたといると、盤を挟まんでも楽しくなっちまうねぇ！,
voice_003_022,"最近あんたと指してると、ワシの手も一段と冴え渡る気がするねぇ。
いい刺激になってるよ！",
voice_003_023,"ワシの話を、あんたはいつも楽しそうに聞いてくれる。
あんたみたいな友を持てて、ワシは幸せ者だよ。",
voice_003_024,"困ったことがあったら、いつでもワシを頼りな！
ワシもあんたの力になりたいんだ。",
voice_003_025,"あんたと指す一局一局が、ワシは最高に楽しいんじゃ！
これからもよろしく頼むよ！",
voice_003_026,"ほう、ワシを選んでくれるのかい。
よし！あんたが最高の棋士になれるよう、頑張るとするかね！",
voice_003_027,王手じゃ！,
voice_003_028,ここが使い時だねぇ！,
voice_003_029,詰みじゃ！,
voice_003_030,悔しいねぇ……。次は負けんぞ！,
voice_003_031,引き分けじゃのう,
voice_003_032,かー、時間切れじゃ！,
voice_003_033,いよいよ大詰めだねぇ！,
voice_003_034,成りだねぇ！,
voice_003_035,まだまだ粘るぞい！,
voice_003_036,この流れは誰にも止められんよ！,
voice_003_037,ワシはそう簡単に折れんぞい！,
voice_003_038,とっておきを投入じゃ！,
voice_003_039,金矢倉,
voice_003_040,銀矢倉,
voice_003_041,片矢倉,
voice_003_042,菊水矢倉,
voice_003_043,菱矢倉,
voice_003_044,土居囲い,
voice_003_045,総矢倉,
voice_003_046,銀立ち矢倉,
voice_003_047,矢倉穴熊,
voice_003_048,カブト囲い,
voice_003_049,右矢倉,
voice_003_050,雁木囲い,
voice_003_051,居飛車穴熊,
voice_003_052,居飛穴音無しの構え,
voice_003_053,松尾流穴熊,
voice_003_054,銀冠穴熊,
voice_003_055,左美濃,
voice_003_056,天守閣美濃,
voice_003_057,カニ囲い,
voice_003_058,早囲い,
voice_003_059,中住まい,
voice_003_060,中原玉,
voice_003_061,elmo囲い,
voice_003_062,美濃囲い,
voice_003_063,片美濃囲い,
voice_003_064,高美濃囲い,
voice_003_065,木村美濃,
voice_003_066,金美濃,
voice_003_067,銀美濃,
voice_003_068,ダイヤモンド美濃,
voice_003_069,ちょんまげ美濃,
voice_003_070,大山美濃,
voice_003_071,ずれ美濃,
voice_003_072,坊主美濃,
voice_003_073,升田美濃,
voice_003_074,プラチナ美濃,
voice_003_075,四枚美濃,
voice_003_076,美濃熊囲い,
voice_003_077,振り飛車穴熊,
voice_003_078,銀冠,
voice_003_079,端玉銀冠,
voice_003_080,金冠,
voice_003_081,金盾囲い,
voice_003_082,金無双,
voice_003_083,アヒル囲い,
voice_003_084,ALSOK囲い,
voice_003_085,いちご囲い,
voice_003_086,大隅囲い,
voice_003_087,空中楼閣,
voice_003_088,串カツ囲い,
voice_003_089,裾固め,
voice_003_090,箱入り娘,
voice_003_091,舟囲い,
voice_003_092,ビッグ４,
voice_003_093,ボナンザ囲い,
voice_003_094,ミレニアム囲い,
voice_003_095,無敵囲い,
voice_003_096,相掛かり,
voice_003_097,相掛かり棒銀,
voice_003_098,飯島流相掛かり引き角,
voice_003_099,中原流相掛かり,
voice_003_100,ひねり飛車,
voice_003_101,塚田スペシャル,
voice_003_102,UFO銀,
voice_003_103,横歩取り,
voice_003_104,相横歩取り,
voice_003_105,青野流,
voice_003_106,８五飛車,
voice_003_107,４五角戦法,
voice_003_108,勇気流,
voice_003_109,竹部スペシャル,
voice_003_110,２三歩戦法,
voice_003_111,３三角型空中戦法,
voice_003_112,３三桂戦法,
voice_003_113,角換わり,
voice_003_114,腰掛け銀,
voice_003_115,角換わり棒銀,
voice_003_116,角換わり右玉,
voice_003_117,一手損角換わり,
voice_003_118,木村定跡,
voice_003_119,阿久津流急戦矢倉,
voice_003_120,中原流急戦矢倉,
voice_003_121,米長流急戦矢倉,
voice_003_122,矢倉棒銀,
voice_003_123,脇システム,
voice_003_124,森下システム,
voice_003_125,３七銀戦法,
voice_003_126,四手角,
voice_003_127,ウソ矢倉,
voice_003_128,左美濃急戦,
voice_003_129,居角左美濃急戦,
voice_003_130,忍者銀,
voice_003_131,新型雁木,
voice_003_132,ツノ銀雁木,
voice_003_133,対振り飛車持久戦,
voice_003_134,飯島流引き角戦法,
voice_003_135,鷺宮定跡,
voice_003_136,４六銀左急戦,
voice_003_137,４六銀右急戦,
voice_003_138,４五歩早仕掛け,
voice_003_139,山田定跡,
voice_003_140,エルモ急戦,
voice_003_141,へなちょこ急戦,
voice_003_142,玉頭位取り,
voice_003_143,５筋位取り,
voice_003_144,５七金戦法,
voice_003_145,超急戦,
voice_003_146,超速,
voice_003_147,丸山ワクチン,
voice_003_148,棒金,
voice_003_149,棒銀,
voice_003_150,原始棒銀,
voice_003_151,早繰り銀,
voice_003_152,右四間飛車,
voice_003_153,右四間飛車急戦,
voice_003_154,右四間飛車左美濃,
voice_003_155,袖飛車,
voice_003_156,羽生式袖飛車,
voice_003_157,加藤流袖飛車,
voice_003_158,中原飛車,
voice_003_159,地下鉄飛車,
voice_003_160,腰掛け銀,
voice_003_161,腰掛け金,
voice_003_162,雀刺し,
voice_003_163,鳥刺し,
voice_003_164,鎖鎌銀,
voice_003_165,ポンポン桂,
voice_003_166,新米長玉,
voice_003_167,四間飛車,
voice_003_168,角道オープン四間飛車,
voice_003_169,藤井システム,
voice_003_170,はく式四間飛車,
voice_003_171,魔界四間飛車,
voice_003_172,耀龍四間飛車,
voice_003_173,立石流,
voice_003_174,錆刀戦法,
voice_003_175,レグスペ,
voice_003_176,三間飛車,
voice_003_177,石田流,
voice_003_178,石田流本組み,
voice_003_179,新石田流,
voice_003_180,早石田,
voice_003_181,升田式石田流,
voice_003_182,楠本式石田流,
voice_003_183,ムリヤリ早石田,
voice_003_184,４→３戦法,
voice_003_185,菅井流三間飛車,
voice_003_186,菅井流ゴキゲン三間飛車,
voice_003_187,トマホーク,
voice_003_188,中田功ＸＰ,
voice_003_189,７八飛戦法,
voice_003_190,カナケンシステム,
voice_003_191,３ニ飛戦法,
voice_003_192,つくつくぼうし戦法,
voice_003_193,真部流,
voice_003_194,中飛車,
voice_003_195,ゴキゲン中飛車,
voice_003_196,先手中飛車,
voice_003_197,原始中飛車,
voice_003_198,ツノ銀中飛車,
voice_003_199,英ちゃん流中飛車,
voice_003_200,中飛車左穴熊,
voice_003_201,遠山流,
voice_003_202,矢倉中飛車,
voice_003_203,平目,
voice_003_204,向飛車,
voice_003_205,ダイレクト向かい飛車,
voice_003_206,鬼殺し向かい飛車,
voice_003_207,メリケン向かい飛車,
voice_003_208,天彦流向かい飛車,
voice_003_209,菜々河流向かい飛車,
voice_003_210,阪田流向飛車,
voice_003_211,天彦流▲6六角,
voice_003_212,菜々河流△4四角,
voice_003_213,相振り飛車,
voice_003_214,角交換振り飛車,
voice_003_215,陽動振り飛車,
voice_003_216,振り飛車ミレニアム,
voice_003_217,一間飛車,
voice_003_218,一間飛車穴熊,
voice_003_219,九間飛車,
voice_003_220,Uターン飛車,
voice_003_221,７二飛亜急戦,
voice_003_222,玉頭銀,
voice_003_223,右玉,
voice_003_224,糸谷流右玉,
voice_003_225,こいなぎ流右玉,
voice_003_226,セカステ右玉,
voice_003_227,高田流左玉,
voice_003_228,嬉野流,
voice_003_229,新嬉野流,
voice_003_230,鬼殺し,
voice_003_231,新鬼殺し,
voice_003_232,かまいたち戦法,
voice_003_233,筋違い角,
voice_003_234,相筋違い角,
voice_003_235,筋違い角阪田流,
voice_003_236,稲庭戦法,
voice_003_237,阪田流2手目△9四歩,
voice_003_238,角頭歩戦法,
voice_003_239,5手爆弾,
voice_003_240,目くらまし戦法,
voice_003_241,暴銀,
voice_003_242,風車,
voice_003_243,きmきm金,
voice_003_244,カニカニ金,
voice_003_245,カニカニ銀,
voice_003_246,ゴリゴリ金,
voice_003_247,間宮久夢流,
voice_003_248,金沢流,
voice_003_249,都成流,
voice_003_250,やばボーズ流,
voice_003_251,xaby角,
voice_003_252,GAVA角,
voice_003_253,パックマン戦法,
voice_003_254,カメレオン戦法,
voice_003_255,カリスマウィルス,
voice_003_256,ショーダンシステム,
voice_003_257,ハチワンシステム,
voice_003_258,メイドシステム,
voice_003_259,村田システム,
voice_003_260,ドラゴンスペシャル,
voice_003_261,アユムスペシャル,
voice_003_296,工藤流陽動振り飛車,
voice_004_001,"私が黒羽エレナよ。
貴方、磨けば光りそうね。
私の店で働かない？",
voice_004_002,可愛がってあげるわ。,
voice_004_003,よろしくお願いします。,
voice_004_004,どちらが優れているか、はっきりさせましょう。,
voice_004_005,次はもう少し、私を楽しませてちょうだい。,
voice_004_006,ありがとうございました。いい対局だったわ,
voice_004_007,格の違いを理解したかしら？,
voice_004_008,この瞬間……最高にゾクゾクするわね。,
voice_004_009,"あら、戻ったのね。
私を待たせた分、どれだけ愉しませてくれるのかしら？",
voice_004_010,"待ちくたびれたわ。
今夜は貴方を独占するために、特別な席を用意しておいたの。
さぁ……行きましょう。うふふふ。",
voice_004_011,"私のおススメは『青野流』よ。
圧倒的な攻撃力で、相手を一方的にねじ伏せるのが快感なの。",
voice_004_012,"競業がいるからこそ、業界は刺激的で面白くなる……そうは思わない？ 
どんな相手もねじ伏せ、全てを支配する。
それが私の描く完璧な勝利よ。",
voice_004_013,"プロ棋士として、経営者として……私は常に『本物』だけを求めているの。 
貴方のその才能、買い取って私の色に染めてあげてもいいわよ？",
voice_004_014,"イベントに足を運んでは、目ぼしい子をスカウトしているわ。
私の審美眼に叶ったなら、それは光栄なことだと思いなさい？",
voice_004_015,"高級なワインを傾けながら、煌びやかな夜景を眺める……。
そこに私の興味を惹く相手がいれば、それだけで満足よ。
うふふ、貴方は私を満足させてくれるかしら？",
voice_004_016,"あら、随分と顔色が悪いわね。
無理をして使い物にならなくなっては困るわ。
貴方にはまだ、私を愉しませる役割が残っているのだから。",
voice_004_017,"私の目の届く場所にいたい、というわけね。
良いわよ、その殊勝な態度は嫌いじゃないわ。
私の興味を逸らさないように努力することね。",
voice_004_018,"うふふ。貴方を手に入れた記念に……今夜は私の特等席へ招待してあげる。
感謝してもいいのよ？",
voice_004_019,"私への献上品？ 
良い心がけね。",
voice_004_020,"あら、私の好みをよく知っているのね。
あとで、ご褒美をあげるわ。",
voice_004_021,貴方、少しは私の退屈を紛らわせてくれそうね。,
voice_004_022,"随分と私の扱きに慣れてきたじゃない？ 
その姿勢……嫌いではないわ。
その調子で励みなさい。",
voice_004_023,"他の誰かが貴方に触れるなんて、考えただけで不愉快だわ。
貴方の時間は、すべて私が独占してあげる。
光栄に思いなさい？",
voice_004_024,"私の戯れに翻弄されるその顔、実にそそられるわ。
そろそろ覚悟を決めたら？
 私の特別として扱われることを。",
voice_004_025,"貴方の身も心、すべて私のモノよ。
うふふふ、一生私の側で、その身を捧げ続けなさい。",
voice_004_026,"今日から貴方は私の『弟子』よ。
私の名を背負う以上、今までのような甘えは一切通用しないわ 。
うふふ……。逃げ出す隙なんて与えないから、覚悟しなさい。",
voice_004_027,王手よ,
voice_004_028,有効に活用させてもらうわ,
voice_004_029,詰みよ,
voice_004_030,私の読みを超えるなんて。,
voice_004_031,引き分けね,
voice_004_032,時間切れね,
voice_004_033,美しく蹂躙してあげるわ,
voice_004_034,価値を上げなさい,
voice_004_035,やるじゃない,
voice_004_036,結末が見えたわね,
voice_004_037,私を追い詰めたつもり？,
voice_004_038,暴れるわよ！,
voice_004_039,金矢倉,
voice_004_040,銀矢倉,
voice_004_041,片矢倉,
voice_004_042,菊水矢倉,
voice_004_043,菱矢倉,
voice_004_044,土居囲い,
voice_004_045,総矢倉,
voice_004_046,銀立ち矢倉,
voice_004_047,矢倉穴熊,
voice_004_048,カブト囲い,
voice_004_049,右矢倉,
voice_004_050,雁木囲い,
voice_004_051,居飛車穴熊,
voice_004_052,居飛穴音無しの構え,
voice_004_053,松尾流穴熊,
voice_004_054,銀冠穴熊,
voice_004_055,左美濃,
voice_004_056,天守閣美濃,
voice_004_057,カニ囲い,
voice_004_058,早囲い,
voice_004_059,中住まい,
voice_004_060,中原玉,
voice_004_061,elmo囲い,
voice_004_062,美濃囲い,
voice_004_063,片美濃囲い,
voice_004_064,高美濃囲い,
voice_004_065,木村美濃,
voice_004_066,金美濃,
voice_004_067,銀美濃,
voice_004_068,ダイヤモンド美濃,
voice_004_069,ちょんまげ美濃,
voice_004_070,大山美濃,
voice_004_071,ずれ美濃,
voice_004_072,坊主美濃,
voice_004_073,升田美濃,
voice_004_074,プラチナ美濃,
voice_004_075,四枚美濃,
voice_004_076,美濃熊囲い,
voice_004_077,振り飛車穴熊,
voice_004_078,銀冠,
voice_004_079,端玉銀冠,
voice_004_080,金冠,
voice_004_081,金盾囲い,
voice_004_082,金無双,
voice_004_083,アヒル囲い,
voice_004_084,ALSOK囲い,
voice_004_085,いちご囲い,
voice_004_086,大隅囲い,
voice_004_087,空中楼閣,
voice_004_088,串カツ囲い,
voice_004_089,裾固め,
voice_004_090,箱入り娘,
voice_004_091,舟囲い,
voice_004_092,ビッグ４,
voice_004_093,ボナンザ囲い,
voice_004_094,ミレニアム囲い,
voice_004_095,無敵囲い,
voice_004_096,相掛かり,
voice_004_097,相掛かり棒銀,
voice_004_098,飯島流相掛かり引き角,
voice_004_099,中原流相掛かり,
voice_004_100,ひねり飛車,
voice_004_101,塚田スペシャル,
voice_004_102,UFO銀,
voice_004_103,横歩取り,
voice_004_104,相横歩取り,
voice_004_105,青野流,
voice_004_106,８五飛車,
voice_004_107,４五角戦法,
voice_004_108,勇気流,
voice_004_109,竹部スペシャル,
voice_004_110,２三歩戦法,
voice_004_111,３三角型空中戦法,
voice_004_112,３三桂戦法,
voice_004_113,角換わり,
voice_004_114,腰掛け銀,
voice_004_115,角換わり棒銀,
voice_004_116,角換わり右玉,
voice_004_117,一手損角換わり,
voice_004_118,木村定跡,
voice_004_119,阿久津流急戦矢倉,
voice_004_120,中原流急戦矢倉,
voice_004_121,米長流急戦矢倉,
voice_004_122,矢倉棒銀,
voice_004_123,脇システム,
voice_004_124,森下システム,
voice_004_125,３七銀戦法,
voice_004_126,四手角,
voice_004_127,ウソ矢倉,
voice_004_128,左美濃急戦,
voice_004_129,居角左美濃急戦,
voice_004_130,忍者銀,
voice_004_131,新型雁木,
voice_004_132,ツノ銀雁木,
voice_004_133,対振り飛車持久戦,
voice_004_134,飯島流引き角戦法,
voice_004_135,鷺宮定跡,
voice_004_136,４六銀左急戦,
voice_004_137,４六銀右急戦,
voice_004_138,４五歩早仕掛け,
voice_004_139,山田定跡,
voice_004_140,エルモ急戦,
voice_004_141,へなちょこ急戦,
voice_004_142,玉頭位取り,
voice_004_143,５筋位取り,
voice_004_144,５七金戦法,
voice_004_145,超急戦,
voice_004_146,超速,
voice_004_147,丸山ワクチン,
voice_004_148,棒金,
voice_004_149,棒銀,
voice_004_150,原始棒銀,
voice_004_151,早繰り銀,
voice_004_152,右四間飛車,
voice_004_153,右四間飛車急戦,
voice_004_154,右四間飛車左美濃,
voice_004_155,袖飛車,
voice_004_156,羽生式袖飛車,
voice_004_157,加藤流袖飛車,
voice_004_158,中原飛車,
voice_004_159,地下鉄飛車,
voice_004_160,腰掛け銀,
voice_004_161,腰掛け金,
voice_004_162,雀刺し,
voice_004_163,鳥刺し,
voice_004_164,鎖鎌銀,
voice_004_165,ポンポン桂,
voice_004_166,新米長玉,
voice_004_167,四間飛車,
voice_004_168,角道オープン四間飛車,
voice_004_169,藤井システム,
voice_004_170,はく式四間飛車,
voice_004_171,魔界四間飛車,
voice_004_172,耀龍四間飛車,
voice_004_173,立石流,
voice_004_174,錆刀戦法,
voice_004_175,レグスペ,
voice_004_176,三間飛車,
voice_004_177,石田流,
voice_004_178,石田流本組み,
voice_004_179,新石田流,
voice_004_180,早石田,
voice_004_181,升田式石田流,
voice_004_182,楠本式石田流,
voice_004_183,ムリヤリ早石田,
voice_004_184,４→３戦法,
voice_004_185,菅井流三間飛車,
voice_004_186,菅井流ゴキゲン三間飛車,
voice_004_187,トマホーク,
voice_004_188,中田功ＸＰ,
voice_004_189,７八飛戦法,
voice_004_190,カナケンシステム,
voice_004_191,３ニ飛戦法,
voice_004_192,つくつくぼうし戦法,
voice_004_193,真部流,
voice_004_194,中飛車,
voice_004_195,ゴキゲン中飛車,
voice_004_196,先手中飛車,
voice_004_197,原始中飛車,
voice_004_198,ツノ銀中飛車,
voice_004_199,英ちゃん流中飛車,
voice_004_200,中飛車左穴熊,
voice_004_201,遠山流,
voice_004_202,矢倉中飛車,
voice_004_203,平目,
voice_004_204,向飛車,
voice_004_205,ダイレクト向かい飛車,
voice_004_206,鬼殺し向かい飛車,
voice_004_207,メリケン向かい飛車,
voice_004_208,天彦流向かい飛車,
voice_004_209,菜々河流向かい飛車,
voice_004_210,阪田流向飛車,
voice_004_211,天彦流▲6六角,
voice_004_212,菜々河流△4四角,
voice_004_213,相振り飛車,
voice_004_214,角交換振り飛車,
voice_004_215,陽動振り飛車,
voice_004_216,振り飛車ミレニアム,
voice_004_217,一間飛車,
voice_004_218,一間飛車穴熊,
voice_004_219,九間飛車,
voice_004_220,Uターン飛車,
voice_004_221,７二飛亜急戦,
voice_004_222,玉頭銀,
voice_004_223,右玉,
voice_004_224,糸谷流右玉,
voice_004_225,こいなぎ流右玉,
voice_004_226,セカステ右玉,
voice_004_227,高田流左玉,
voice_004_228,嬉野流,
voice_004_229,新嬉野流,
voice_004_230,鬼殺し,
voice_004_231,新鬼殺し,
voice_004_232,かまいたち戦法,
voice_004_233,筋違い角,
voice_004_234,相筋違い角,
voice_004_235,筋違い角阪田流,
voice_004_236,稲庭戦法,
voice_004_237,阪田流2手目△9四歩,
voice_004_238,角頭歩戦法,
voice_004_239,5手爆弾,
voice_004_240,目くらまし戦法,
voice_004_241,暴銀,
voice_004_242,風車,
voice_004_243,きmきm金,
voice_004_244,カニカニ金,
voice_004_245,カニカニ銀,
voice_004_246,ゴリゴリ金,
voice_004_247,間宮久夢流,
voice_004_248,金沢流,
voice_004_249,都成流,
voice_004_250,やばボーズ流,
voice_004_251,xaby角,
voice_004_252,GAVA角,
voice_004_253,パックマン戦法,
voice_004_254,カメレオン戦法,
voice_004_255,カリスマウィルス,
voice_004_256,ショーダンシステム,
voice_004_257,ハチワンシステム,
voice_004_258,メイドシステム,
voice_004_259,村田システム,
voice_004_260,ドラゴンスペシャル,
voice_004_261,アユムスペシャル,
voice_004_296,工藤流陽動振り飛車,
voice_005_001,"ふむ……
斯様な地まで至るとは、
其方、凡庸には非ず。

我は七星みくり。
理を識り、理に識られし存在なり。",
voice_005_002,"見届けよ。
理が――何処へ至るかを。",
voice_005_003,此度の対局、嘉すに足るか見定めよう。,
voice_005_004,"同じ理が、此処に在るか。
興は無い。",
voice_005_005,因果は、正しく巡った。,
voice_005_006,"これもまた、
数多の刻の一つよ。",
voice_005_007,理が、ここまで澄むとは。,
voice_005_008,"しかるべき理において、
われに抗うもの在らず。",
voice_005_009,"戻ったか。
この刻も、理は未だ崩れておらぬ。
ならば致し方あるまい。
我と共に暫し、理の面を、覗こう。",
voice_005_010,"其方か。
此処は、随分と前から其方の席だ。",
voice_005_011,"我は、戦法を持たぬ。
将棋は、将棋だ。
ただ一つ、かつて我を押し留めた型がある。
間宮久夢流。
それだけは、手として使うに足る。",
voice_005_012,"我が此の世に留まる理由か。
まだ終わらせるには、少しばかり物足りぬからだ。",
voice_005_013,"理の面とは、何かを満たすものではない。
退屈を、暫し黙らせるための、歪みだ。",
voice_005_014,"近頃は、人ならざるものまで理を読む。
…刻の流れよ。",
voice_005_015,"昔は、人だけが理を読んでいた。
今は造られし思考も、それを読む。",
voice_005_016,"其方、理が、僅かに削れているな
よかろう。壊れる前に、此処へ来い。",
voice_005_017,"機は、迷わぬ。
だからこそ、理に最も近い。",
voice_005_018,"此処まで踏み入った者は、久しく居なかった。
其方は、まだ、壊すには惜しい。",
voice_005_019,"ほう。此れを我に、か。
無意味ではない。受け取っておこう。",
voice_005_020,"成程。
其方、我が何を嘉するか少しばかり、掴んだか。",
voice_005_021,"其方、未だ脆いが……
観察する価値は、ある。",
voice_005_022,"此処まで来たか。
退屈の合間に名を刻むほどではないが、目に留まった。",
voice_005_023,"奇妙な。
幾千の刻を越えて尚、其方は壊れぬ。
例外として、傍らに置こう。",
voice_005_024,"其方は、もはや単なる観測対象ではない。
我が長き退屈に、名を刻んだ……数少ない存在だ。",
voice_005_025,"其方。
永き刻、此処に在れ。
我と共に刻を共にすることを……許そう。",
voice_005_026,"我が理を、其方に授けよう。
但し……途中で壊れれば、それまでだ。
覚悟があるなら、此処へ来い。",
voice_005_027,王、危うし。,
voice_005_028,顕現。,
voice_005_029,此処までだ。,
voice_005_030,"嗚呼……。

斯様な理も、
未だ残っていたか。",
voice_005_031,因果は此処で、留まった。,
voice_005_032,刻は、尽きた。,
voice_005_033,終局は、近い。,
voice_005_034,然るべき姿へ,
voice_005_035,理が、かげり始めた。,
voice_005_036,理は、此方に在る。,
voice_005_037,歪みは、戻せる。,
voice_005_038,来たれ。,
voice_005_039,金矢倉,
voice_005_040,銀矢倉,
voice_005_041,片矢倉,
voice_005_042,菊水矢倉,
voice_005_043,菱矢倉,
voice_005_044,土居囲い,
voice_005_045,総矢倉,
voice_005_046,銀立ち矢倉,
voice_005_047,矢倉穴熊,
voice_005_048,カブト囲い,
voice_005_049,右矢倉,
voice_005_050,雁木囲い,
voice_005_051,居飛車穴熊,
voice_005_052,居飛穴音無しの構え,
voice_005_053,松尾流穴熊,
voice_005_054,銀冠穴熊,
voice_005_055,左美濃,
voice_005_056,天守閣美濃,
voice_005_057,カニ囲い,
voice_005_058,早囲い,
voice_005_059,中住まい,
voice_005_060,中原玉,
voice_005_061,elmo囲い,
voice_005_062,美濃囲い,
voice_005_063,片美濃囲い,
voice_005_064,高美濃囲い,
voice_005_065,木村美濃,
voice_005_066,金美濃,
voice_005_067,銀美濃,
voice_005_068,ダイヤモンド美濃,
voice_005_069,ちょんまげ美濃,
voice_005_070,大山美濃,
voice_005_071,ずれ美濃,
voice_005_072,坊主美濃,
voice_005_073,升田美濃,
voice_005_074,プラチナ美濃,
voice_005_075,四枚美濃,
voice_005_076,美濃熊囲い,
voice_005_077,振り飛車穴熊,
voice_005_078,銀冠,
voice_005_079,端玉銀冠,
voice_005_080,金冠,
voice_005_081,金盾囲い,
voice_005_082,金無双,
voice_005_083,アヒル囲い,
voice_005_084,ALSOK囲い,
voice_005_085,いちご囲い,
voice_005_086,大隅囲い,
voice_005_087,空中楼閣,
voice_005_088,串カツ囲い,
voice_005_089,裾固め,
voice_005_090,箱入り娘,
voice_005_091,舟囲い,
voice_005_092,ビッグ４,
voice_005_093,ボナンザ囲い,
voice_005_094,ミレニアム囲い,
voice_005_095,無敵囲い,
voice_005_096,相掛かり,
voice_005_097,相掛かり棒銀,
voice_005_098,飯島流相掛かり引き角,
voice_005_099,中原流相掛かり,
voice_005_100,ひねり飛車,
voice_005_101,塚田スペシャル,
voice_005_102,UFO銀,
voice_005_103,横歩取り,
voice_005_104,相横歩取り,
voice_005_105,青野流,
voice_005_106,８五飛車,
voice_005_107,４五角戦法,
voice_005_108,勇気流,
voice_005_109,竹部スペシャル,
voice_005_110,２三歩戦法,
voice_005_111,３三角型空中戦法,
voice_005_112,３三桂戦法,
voice_005_113,角換わり,
voice_005_114,腰掛け銀,
voice_005_115,角換わり棒銀,
voice_005_116,角換わり右玉,
voice_005_117,一手損角換わり,
voice_005_118,木村定跡,
voice_005_119,阿久津流急戦矢倉,
voice_005_120,中原流急戦矢倉,
voice_005_121,米長流急戦矢倉,
voice_005_122,矢倉棒銀,
voice_005_123,脇システム,
voice_005_124,森下システム,
voice_005_125,３七銀戦法,
voice_005_126,四手角,
voice_005_127,ウソ矢倉,
voice_005_128,左美濃急戦,
voice_005_129,居角左美濃急戦,
voice_005_130,忍者銀,
voice_005_131,新型雁木,
voice_005_132,ツノ銀雁木,
voice_005_133,対振り飛車持久戦,
voice_005_134,飯島流引き角戦法,
voice_005_135,鷺宮定跡,
voice_005_136,４六銀左急戦,
voice_005_137,４六銀右急戦,
voice_005_138,４五歩早仕掛け,
voice_005_139,山田定跡,
voice_005_140,エルモ急戦,
voice_005_141,へなちょこ急戦,
voice_005_142,玉頭位取り,
voice_005_143,５筋位取り,
voice_005_144,５七金戦法,
voice_005_145,超急戦,
voice_005_146,超速,
voice_005_147,丸山ワクチン,
voice_005_148,棒金,
voice_005_149,棒銀,
voice_005_150,原始棒銀,
voice_005_151,早繰り銀,
voice_005_152,右四間飛車,
voice_005_153,右四間飛車急戦,
voice_005_154,右四間飛車左美濃,
voice_005_155,袖飛車,
voice_005_156,羽生式袖飛車,
voice_005_157,加藤流袖飛車,
voice_005_158,中原飛車,
voice_005_159,地下鉄飛車,
voice_005_160,腰掛け銀,
voice_005_161,腰掛け金,
voice_005_162,雀刺し,
voice_005_163,鳥刺し,
voice_005_164,鎖鎌銀,
voice_005_165,ポンポン桂,
voice_005_166,新米長玉,
voice_005_167,四間飛車,
voice_005_168,角道オープン四間飛車,
voice_005_169,藤井システム,
voice_005_170,はく式四間飛車,
voice_005_171,魔界四間飛車,
voice_005_172,耀龍四間飛車,
voice_005_173,立石流,
voice_005_174,錆刀戦法,
voice_005_175,レグスペ,
voice_005_176,三間飛車,
voice_005_177,石田流,
voice_005_178,石田流本組み,
voice_005_179,新石田流,
voice_005_180,早石田,
voice_005_181,升田式石田流,
voice_005_182,楠本式石田流,
voice_005_183,ムリヤリ早石田,
voice_005_184,４→３戦法,
voice_005_185,菅井流三間飛車,
voice_005_186,菅井流ゴキゲン三間飛車,
voice_005_187,トマホーク,
voice_005_188,中田功ＸＰ,
voice_005_189,７八飛戦法,
voice_005_190,カナケンシステム,
voice_005_191,３ニ飛戦法,
voice_005_192,つくつくぼうし戦法,
voice_005_193,真部流,
voice_005_194,中飛車,
voice_005_195,ゴキゲン中飛車,
voice_005_196,先手中飛車,
voice_005_197,原始中飛車,
voice_005_198,ツノ銀中飛車,
voice_005_199,英ちゃん流中飛車,
voice_005_200,中飛車左穴熊,
voice_005_201,遠山流,
voice_005_202,矢倉中飛車,
voice_005_203,平目,
voice_005_204,向飛車,
voice_005_205,ダイレクト向かい飛車,
voice_005_206,鬼殺し向かい飛車,
voice_005_207,メリケン向かい飛車,
voice_005_208,天彦流向かい飛車,
voice_005_209,菜々河流向かい飛車,
voice_005_210,阪田流向飛車,
voice_005_211,天彦流▲6六角,
voice_005_212,菜々河流△4四角,
voice_005_213,相振り飛車,
voice_005_214,角交換振り飛車,
voice_005_215,陽動振り飛車,
voice_005_216,振り飛車ミレニアム,
voice_005_217,一間飛車,
voice_005_218,一間飛車穴熊,
voice_005_219,九間飛車,
voice_005_220,Uターン飛車,
voice_005_221,７二飛亜急戦,
voice_005_222,玉頭銀,
voice_005_223,右玉,
voice_005_224,糸谷流右玉,
voice_005_225,こいなぎ流右玉,
voice_005_226,セカステ右玉,
voice_005_227,高田流左玉,
voice_005_228,嬉野流,
voice_005_229,新嬉野流,
voice_005_230,鬼殺し,
voice_005_231,新鬼殺し,
voice_005_232,かまいたち戦法,
voice_005_233,筋違い角,
voice_005_234,相筋違い角,
voice_005_235,筋違い角阪田流,
voice_005_236,稲庭戦法,
voice_005_237,阪田流2手目△9四歩,
voice_005_238,角頭歩戦法,
voice_005_239,5手爆弾,
voice_005_240,目くらまし戦法,
voice_005_241,暴銀,
voice_005_242,風車,
voice_005_243,きmきm金,
voice_005_244,カニカニ金,
voice_005_245,カニカニ銀,
voice_005_246,ゴリゴリ金,
voice_005_247,間宮久夢流,
voice_005_248,金沢流,
voice_005_249,都成流,
voice_005_250,やばボーズ流,
voice_005_251,xaby角,
voice_005_252,GAVA角,
voice_005_253,パックマン戦法,
voice_005_254,カメレオン戦法,
voice_005_255,カリスマウィルス,
voice_005_256,ショーダンシステム,
voice_005_257,ハチワンシステム,
voice_005_258,メイドシステム,
voice_005_259,村田システム,
voice_005_260,ドラゴンスペシャル,
voice_005_261,アユムスペシャル,
voice_005_296,工藤流陽動振り飛車,
voice_006_001,"西園寺レイナです。
曲がったことは大嫌いだから、貴方とも正々堂々、実力で向き合いたいわ 。
よろしく頼むわね！",
voice_006_002,正々堂々、実力でねじ伏せるわ！,
voice_006_003,よろしくお願いします。,
voice_006_004,どちらがより強いか、白黒つけるわよ！,
voice_006_005,私の勝ちね。真っ向勝負、楽しかったわ！,
voice_006_006,戦ってくれて感謝するわ。良い勝負でした！,
voice_006_007,悪いけど、その守りじゃ私は止めらないわよ！,
voice_006_008,完璧な布陣、完璧な突破！これこそが私の目指す将棋よ！,
voice_006_009,お疲れ様！貴方が来るのを待っていたわ。さあ、今日も一局指しましょう！,
voice_006_010,貴方の顔を見ると、不思議と背筋が伸びるわね。最高のパートナーとして、今日もよろしく頼むわよ！,
voice_006_011,角換わり腰掛け銀は将棋の王道。互いに手の内をさらけ出して戦う、最高の戦型だわ！,
voice_006_012,"集中したい時はストレートティーに限るわね 。
貴方も一杯どう？私のとっておきよ！",
voice_006_013,"私はどんな時でも真っ直ぐでありたい。
盤上でも、人生でもね 。それが私の生きる道よ。",
voice_006_014,"将棋を指すには集中を切らさない体力も必要よ。
私は体力づくりで、毎朝のランニングをやっているわ！
貴方も一緒にどうかしら？楽しいわよ！",
voice_006_015,"好きなもの？
将棋本と、ストレートティーと……あとは切磋琢磨できるライバルね！",
voice_006_016,"顔色悪いけど大丈夫？
しんどいなら私に言いなさい！",
voice_006_017,"貴方の隣にいると、落ち着くわ。
こうやってまったりするのは、貴重な時間ね。",
voice_006_018,"困っている人を見過ごすなんて私にはできないわ 。
何か困りごとはないかしら？私にできることがあれば何でも言って！",
voice_006_019,"ありがとう！
使わせてもらうわね！",
voice_006_020,"私の好みをよく知っているじゃない！
流石は私の見込んだ相手ね、感謝するわ！",
voice_006_021,貴方とは、いい友達になれそうな気がするわ。,
voice_006_022,"貴方……将棋の才能あるわね！
これからも良きライバルでいて欲しいわ！",
voice_006_023,"最近、貴方の前だと肩を張らずにリラックスできるわ。
ふふっ、柄にもないかしら。",
voice_006_024,"貴方は私の誇りよ。
誰に何を言われても、私が貴方の正しさを証明してみせるわ！",
voice_006_025,"貴方と一緒なら、どんな困難も乗り越えられるわ。
ずっと、私の隣にいてくれないかしら？",
voice_006_026,"私が師匠……ふふ！いい響きね！
師匠として私のすべてを貴方に叩き込むわ！
さぁ、ついてきなさい！",
voice_006_027,王手よ！,
voice_006_028,ここで投入よ,
voice_006_029,詰みよ！,
voice_006_030,"悔しい！
次は負けないわ！",
voice_006_031,引き分けね,
voice_006_032,時間切れよ,
voice_006_033,ここからが正念場よ！,
voice_006_034,成らせてもらうわ！,
voice_006_035,まだまだここからよ！,
voice_006_036,一気に決めるわ！,
voice_006_037,最後まで諦めないわ！,
voice_006_038,切り札は取っておくものよ！,
voice_006_039,金矢倉,
voice_006_040,銀矢倉,
voice_006_041,片矢倉,
voice_006_042,菊水矢倉,
voice_006_043,菱矢倉,
voice_006_044,土居囲い,
voice_006_045,総矢倉,
voice_006_046,銀立ち矢倉,
voice_006_047,矢倉穴熊,
voice_006_048,カブト囲い,
voice_006_049,右矢倉,
voice_006_050,雁木囲い,
voice_006_051,居飛車穴熊,
voice_006_052,居飛穴音無しの構え,
voice_006_053,松尾流穴熊,
voice_006_054,銀冠穴熊,
voice_006_055,左美濃,
voice_006_056,天守閣美濃,
voice_006_057,カニ囲い,
voice_006_058,早囲い,
voice_006_059,中住まい,
voice_006_060,中原玉,
voice_006_061,elmo囲い,
voice_006_062,美濃囲い,
voice_006_063,片美濃囲い,
voice_006_064,高美濃囲い,
voice_006_065,木村美濃,
voice_006_066,金美濃,
voice_006_067,銀美濃,
voice_006_068,ダイヤモンド美濃,
voice_006_069,ちょんまげ美濃,
voice_006_070,大山美濃,
voice_006_071,ずれ美濃,
voice_006_072,坊主美濃,
voice_006_073,升田美濃,
voice_006_074,プラチナ美濃,
voice_006_075,四枚美濃,
voice_006_076,美濃熊囲い,
voice_006_077,振り飛車穴熊,
voice_006_078,銀冠,
voice_006_079,端玉銀冠,
voice_006_080,金冠,
voice_006_081,金盾囲い,
voice_006_082,金無双,
voice_006_083,アヒル囲い,
voice_006_084,ALSOK囲い,
voice_006_085,いちご囲い,
voice_006_086,大隅囲い,
voice_006_087,空中楼閣,
voice_006_088,串カツ囲い,
voice_006_089,裾固め,
voice_006_090,箱入り娘,
voice_006_091,舟囲い,
voice_006_092,ビッグ４,
voice_006_093,ボナンザ囲い,
voice_006_094,ミレニアム囲い,
voice_006_095,無敵囲い,
voice_006_096,相掛かり,
voice_006_097,相掛かり棒銀,
voice_006_098,飯島流相掛かり引き角,
voice_006_099,中原流相掛かり,
voice_006_100,ひねり飛車,
voice_006_101,塚田スペシャル,
voice_006_102,UFO銀,
voice_006_103,横歩取り,
voice_006_104,相横歩取り,
voice_006_105,青野流,
voice_006_106,８五飛車,
voice_006_107,４五角戦法,
voice_006_108,勇気流,
voice_006_109,竹部スペシャル,
voice_006_110,２三歩戦法,
voice_006_111,３三角型空中戦法,
voice_006_112,３三桂戦法,
voice_006_113,角換わり,
voice_006_114,腰掛け銀,
voice_006_115,角換わり棒銀,
voice_006_116,角換わり右玉,
voice_006_117,一手損角換わり,
voice_006_118,木村定跡,
voice_006_119,阿久津流急戦矢倉,
voice_006_120,中原流急戦矢倉,
voice_006_121,米長流急戦矢倉,
voice_006_122,矢倉棒銀,
voice_006_123,脇システム,
voice_006_124,森下システム,
voice_006_125,３七銀戦法,
voice_006_126,四手角,
voice_006_127,ウソ矢倉,
voice_006_128,左美濃急戦,
voice_006_129,居角左美濃急戦,
voice_006_130,忍者銀,
voice_006_131,新型雁木,
voice_006_132,ツノ銀雁木,
voice_006_133,対振り飛車持久戦,
voice_006_134,飯島流引き角戦法,
voice_006_135,鷺宮定跡,
voice_006_136,４六銀左急戦,
voice_006_137,４六銀右急戦,
voice_006_138,４五歩早仕掛け,
voice_006_139,山田定跡,
voice_006_140,エルモ急戦,
voice_006_141,へなちょこ急戦,
voice_006_142,玉頭位取り,
voice_006_143,５筋位取り,
voice_006_144,５七金戦法,
voice_006_145,超急戦,
voice_006_146,超速,
voice_006_147,丸山ワクチン,
voice_006_148,棒金,
voice_006_149,棒銀,
voice_006_150,原始棒銀,
voice_006_151,早繰り銀,
voice_006_152,右四間飛車,
voice_006_153,右四間飛車急戦,
voice_006_154,右四間飛車左美濃,
voice_006_155,袖飛車,
voice_006_156,羽生式袖飛車,
voice_006_157,加藤流袖飛車,
voice_006_158,中原飛車,
voice_006_159,地下鉄飛車,
voice_006_160,腰掛け銀,
voice_006_161,腰掛け金,
voice_006_162,雀刺し,
voice_006_163,鳥刺し,
voice_006_164,鎖鎌銀,
voice_006_165,ポンポン桂,
voice_006_166,新米長玉,
voice_006_167,四間飛車,
voice_006_168,角道オープン四間飛車,
voice_006_169,藤井システム,
voice_006_170,はく式四間飛車,
voice_006_171,魔界四間飛車,
voice_006_172,耀龍四間飛車,
voice_006_173,立石流,
voice_006_174,錆刀戦法,
voice_006_175,レグスペ,
voice_006_176,三間飛車,
voice_006_177,石田流,
voice_006_178,石田流本組み,
voice_006_179,新石田流,
voice_006_180,早石田,
voice_006_181,升田式石田流,
voice_006_182,楠本式石田流,
voice_006_183,ムリヤリ早石田,
voice_006_184,４→３戦法,
voice_006_185,菅井流三間飛車,
voice_006_186,菅井流ゴキゲン三間飛車,
voice_006_187,トマホーク,
voice_006_188,中田功ＸＰ,
voice_006_189,７八飛戦法,
voice_006_190,カナケンシステム,
voice_006_191,３ニ飛戦法,
voice_006_192,つくつくぼうし戦法,
voice_006_193,真部流,
voice_006_194,中飛車,
voice_006_195,ゴキゲン中飛車,
voice_006_196,先手中飛車,
voice_006_197,原始中飛車,
voice_006_198,ツノ銀中飛車,
voice_006_199,英ちゃん流中飛車,
voice_006_200,中飛車左穴熊,
voice_006_201,遠山流,
voice_006_202,矢倉中飛車,
voice_006_203,平目,
voice_006_204,向飛車,
voice_006_205,ダイレクト向かい飛車,
voice_006_206,鬼殺し向かい飛車,
voice_006_207,メリケン向かい飛車,
voice_006_208,天彦流向かい飛車,
voice_006_209,菜々河流向かい飛車,
voice_006_210,阪田流向飛車,
voice_006_211,天彦流▲6六角,
voice_006_212,菜々河流△4四角,
voice_006_213,相振り飛車,
voice_006_214,角交換振り飛車,
voice_006_215,陽動振り飛車,
voice_006_216,振り飛車ミレニアム,
voice_006_217,一間飛車,
voice_006_218,一間飛車穴熊,
voice_006_219,九間飛車,
voice_006_220,Uターン飛車,
voice_006_221,７二飛亜急戦,
voice_006_222,玉頭銀,
voice_006_223,右玉,
voice_006_224,糸谷流右玉,
voice_006_225,こいなぎ流右玉,
voice_006_226,セカステ右玉,
voice_006_227,高田流左玉,
voice_006_228,嬉野流,
voice_006_229,新嬉野流,
voice_006_230,鬼殺し,
voice_006_231,新鬼殺し,
voice_006_232,かまいたち戦法,
voice_006_233,筋違い角,
voice_006_234,相筋違い角,
voice_006_235,筋違い角阪田流,
voice_006_236,稲庭戦法,
voice_006_237,阪田流2手目△9四歩,
voice_006_238,角頭歩戦法,
voice_006_239,5手爆弾,
voice_006_240,目くらまし戦法,
voice_006_241,暴銀,
voice_006_242,風車,
voice_006_243,きmきm金,
voice_006_244,カニカニ金,
voice_006_245,カニカニ銀,
voice_006_246,ゴリゴリ金,
voice_006_247,間宮久夢流,
voice_006_248,金沢流,
voice_006_249,都成流,
voice_006_250,やばボーズ流,
voice_006_251,xaby角,
voice_006_252,GAVA角,
voice_006_253,パックマン戦法,
voice_006_254,カメレオン戦法,
voice_006_255,カリスマウィルス,
voice_006_256,ショーダンシステム,
voice_006_257,ハチワンシステム,
voice_006_258,メイドシステム,
voice_006_259,村田システム,
voice_006_260,ドラゴンスペシャル,
voice_006_261,アユムスペシャル,
voice_006_296,工藤流陽動振り飛車,
voice_007_001,"私はシスター・ソフィア。
修道女として、人々の心に寄り添い、共に祈る日々を過ごしています。
今日あなたに出会えたことも、きっと神が与えてくださったご縁なのでしょう。",
voice_007_002,神よ。お導きを。,
voice_007_003,よろしくお願いします。,
voice_007_004,同じ道を歩む者、ですね。,
voice_007_005,神のお導きに感謝を。,
voice_007_006,ありがとうございました。良い対局でした。,
voice_007_007,日々の研鑽が、実りをもたらしてくれました。,
voice_007_008,神が、最善の結末へと私を導いてくださいました。,
voice_007_009,"おかえりなさいませ。
本日も神への感謝を共に祈りましょう。",
voice_007_010,"お待ちしておりました。
……貴方がいらっしゃると、胸が不思議と温かくなります。
神が与えてくださった、この特別なご縁に感謝を。",
voice_007_011,"ミレニアム囲いは時間をかけて築く、静かな聖域です。
一度、試してみますか？",
voice_007_012,"いつか神のお言葉を聞くこと。
私はそこを目指しております",
voice_007_013,"私はまだまだ未熟な身。
神の御心に近づくため、日々精進しております。",
voice_007_014,"好きなもの、ですか。
聖書や物語を読むのが好きです。今度、私のお気に入りの一節をお聞かせしますね。",
voice_007_015,"午後は子供たちと賛美歌を歌っています。
あの子たちの無垢な笑顔を見ていると、私の心も洗われるような心地がします。",
voice_007_016,"今日は中庭の花壇をお手入れしました。
ほら、私の手に花の香りが残っていませんか？",
voice_007_017,"貴方の隣は、心が落ち着きますね。
……もう少しだけ、このままいてもいいですか？",
voice_007_018,"子供たちが良い手を指すと、つい頭を撫でてしまいます。
貴方にも、いつかそうしてしまうかもしれませんね。ふふ。",
voice_007_019,"ありがとうございます。
日々の糧として、大切に使わせていただきます。",
voice_007_020,"私の好みを、覚えていてくださったのですね。
貴方に、心からの祝福を。",
voice_007_021,少し、距離が近づきましたね。,
voice_007_022,貴方といる時間は、不思議と心が澄み渡っていくのを感じます。,
voice_007_023,"最近……あなたのことを考える時間が増えました。
そのたびに不思議と、心が温かくなります。",
voice_007_024,"あなたと過ごす時間は、
祈りとは少し違う……穏やかな安らぎを、与えてくれます。",
voice_007_025,"あなたは、私にとって大切な方です。
これからも共にこの穏やかな時間を過ごせたら……嬉しいです。",
voice_007_026,私の持てる知恵のすべてを貴方に捧げ、共に天の高みを目指しましょう。,
voice_007_027,王手です。,
voice_007_028,持ち駒を使います。,
voice_007_029,詰みです。,
voice_007_030,神よ……申し訳ございません。,
voice_007_031,引き分けですね。,
voice_007_032,時間切れですね。,
voice_007_033,終盤……心が揺れますね。,
voice_007_034,成ります,
voice_007_035,試練の時ですね,
voice_007_036,神のお導きが聞こえます,
voice_007_037,この試練を乗り越えてみせます,
voice_007_038,この手で試練を乗り越えます,
voice_007_039,金矢倉,
voice_007_040,銀矢倉,
voice_007_041,片矢倉,
voice_007_042,菊水矢倉,
voice_007_043,菱矢倉,
voice_007_044,土居囲い,
voice_007_045,総矢倉,
voice_007_046,銀立ち矢倉,
voice_007_047,矢倉穴熊,
voice_007_048,カブト囲い,
voice_007_049,右矢倉,
voice_007_050,雁木囲い,
voice_007_051,居飛車穴熊,
voice_007_052,居飛穴音無しの構え,
voice_007_053,松尾流穴熊,
voice_007_054,銀冠穴熊,
voice_007_055,左美濃,
voice_007_056,天守閣美濃,
voice_007_057,カニ囲い,
voice_007_058,早囲い,
voice_007_059,中住まい,
voice_007_060,中原玉,
voice_007_061,elmo囲い,
voice_007_062,美濃囲い,
voice_007_063,片美濃囲い,
voice_007_064,高美濃囲い,
voice_007_065,木村美濃,
voice_007_066,金美濃,
voice_007_067,銀美濃,
voice_007_068,ダイヤモンド美濃,
voice_007_069,ちょんまげ美濃,
voice_007_070,大山美濃,
voice_007_071,ずれ美濃,
voice_007_072,坊主美濃,
voice_007_073,升田美濃,
voice_007_074,プラチナ美濃,
voice_007_075,四枚美濃,
voice_007_076,美濃熊囲い,
voice_007_077,振り飛車穴熊,
voice_007_078,銀冠,
voice_007_079,端玉銀冠,
voice_007_080,金冠,
voice_007_081,金盾囲い,
voice_007_082,金無双,
voice_007_083,アヒル囲い,
voice_007_084,ALSOK囲い,
voice_007_085,いちご囲い,
voice_007_086,大隅囲い,
voice_007_087,空中楼閣,
voice_007_088,串カツ囲い,
voice_007_089,裾固め,
voice_007_090,箱入り娘,
voice_007_091,舟囲い,
voice_007_092,ビッグ４,
voice_007_093,ボナンザ囲い,
voice_007_094,ミレニアム囲い,
voice_007_095,無敵囲い,
voice_007_096,相掛かり,
voice_007_097,相掛かり棒銀,
voice_007_098,飯島流相掛かり引き角,
voice_007_099,中原流相掛かり,
voice_007_100,ひねり飛車,
voice_007_101,塚田スペシャル,
voice_007_102,UFO銀,
voice_007_103,横歩取り,
voice_007_104,相横歩取り,
voice_007_105,青野流,
voice_007_106,８五飛車,
voice_007_107,４五角戦法,
voice_007_108,勇気流,
voice_007_109,竹部スペシャル,
voice_007_110,２三歩戦法,
voice_007_111,３三角型空中戦法,
voice_007_112,３三桂戦法,
voice_007_113,角換わり,
voice_007_114,腰掛け銀,
voice_007_115,角換わり棒銀,
voice_007_116,角換わり右玉,
voice_007_117,一手損角換わり,
voice_007_118,木村定跡,
voice_007_119,阿久津流急戦矢倉,
voice_007_120,中原流急戦矢倉,
voice_007_121,米長流急戦矢倉,
voice_007_122,矢倉棒銀,
voice_007_123,脇システム,
voice_007_124,森下システム,
voice_007_125,３七銀戦法,
voice_007_126,四手角,
voice_007_127,ウソ矢倉,
voice_007_128,左美濃急戦,
voice_007_129,居角左美濃急戦,
voice_007_130,忍者銀,
voice_007_131,新型雁木,
voice_007_132,ツノ銀雁木,
voice_007_133,対振り飛車持久戦,
voice_007_134,飯島流引き角戦法,
voice_007_135,鷺宮定跡,
voice_007_136,４六銀左急戦,
voice_007_137,４六銀右急戦,
voice_007_138,４五歩早仕掛け,
voice_007_139,山田定跡,
voice_007_140,エルモ急戦,
voice_007_141,へなちょこ急戦,
voice_007_142,玉頭位取り,
voice_007_143,５筋位取り,
voice_007_144,５七金戦法,
voice_007_145,超急戦,
voice_007_146,超速,
voice_007_147,丸山ワクチン,
voice_007_148,棒金,
voice_007_149,棒銀,
voice_007_150,原始棒銀,
voice_007_151,早繰り銀,
voice_007_152,右四間飛車,
voice_007_153,右四間飛車急戦,
voice_007_154,右四間飛車左美濃,
voice_007_155,袖飛車,
voice_007_156,羽生式袖飛車,
voice_007_157,加藤流袖飛車,
voice_007_158,中原飛車,
voice_007_159,地下鉄飛車,
voice_007_160,腰掛け銀,
voice_007_161,腰掛け金,
voice_007_162,雀刺し,
voice_007_163,鳥刺し,
voice_007_164,鎖鎌銀,
voice_007_165,ポンポン桂,
voice_007_166,新米長玉,
voice_007_167,四間飛車,
voice_007_168,角道オープン四間飛車,
voice_007_169,藤井システム,
voice_007_170,はく式四間飛車,
voice_007_171,魔界四間飛車,
voice_007_172,耀龍四間飛車,
voice_007_173,立石流,
voice_007_174,錆刀戦法,
voice_007_175,レグスペ,
voice_007_176,三間飛車,
voice_007_177,石田流,
voice_007_178,石田流本組み,
voice_007_179,新石田流,
voice_007_180,早石田,
voice_007_181,升田式石田流,
voice_007_182,楠本式石田流,
voice_007_183,ムリヤリ早石田,
voice_007_184,４→３戦法,
voice_007_185,菅井流三間飛車,
voice_007_186,菅井流ゴキゲン三間飛車,
voice_007_187,トマホーク,
voice_007_188,中田功ＸＰ,
voice_007_189,７八飛戦法,
voice_007_190,カナケンシステム,
voice_007_191,３ニ飛戦法,
voice_007_192,つくつくぼうし戦法,
voice_007_193,真部流,
voice_007_194,中飛車,
voice_007_195,ゴキゲン中飛車,
voice_007_196,先手中飛車,
voice_007_197,原始中飛車,
voice_007_198,ツノ銀中飛車,
voice_007_199,英ちゃん流中飛車,
voice_007_200,中飛車左穴熊,
voice_007_201,遠山流,
voice_007_202,矢倉中飛車,
voice_007_203,平目,
voice_007_204,向飛車,
voice_007_205,ダイレクト向かい飛車,
voice_007_206,鬼殺し向かい飛車,
voice_007_207,メリケン向かい飛車,
voice_007_208,天彦流向かい飛車,
voice_007_209,菜々河流向かい飛車,
voice_007_210,阪田流向飛車,
voice_007_211,天彦流▲6六角,
voice_007_212,菜々河流△4四角,
voice_007_213,相振り飛車,
voice_007_214,角交換振り飛車,
voice_007_215,陽動振り飛車,
voice_007_216,振り飛車ミレニアム,
voice_007_217,一間飛車,
voice_007_218,一間飛車穴熊,
voice_007_219,九間飛車,
voice_007_220,Uターン飛車,
voice_007_221,７二飛亜急戦,
voice_007_222,玉頭銀,
voice_007_223,右玉,
voice_007_224,糸谷流右玉,
voice_007_225,こいなぎ流右玉,
voice_007_226,セカステ右玉,
voice_007_227,高田流左玉,
voice_007_228,嬉野流,
voice_007_229,新嬉野流,
voice_007_230,鬼殺し,
voice_007_231,新鬼殺し,
voice_007_232,かまいたち戦法,
voice_007_233,筋違い角,
voice_007_234,相筋違い角,
voice_007_235,筋違い角阪田流,
voice_007_236,稲庭戦法,
voice_007_237,阪田流2手目△9四歩,
voice_007_238,角頭歩戦法,
voice_007_239,5手爆弾,
voice_007_240,目くらまし戦法,
voice_007_241,暴銀,
voice_007_242,風車,
voice_007_243,きmきm金,
voice_007_244,カニカニ金,
voice_007_245,カニカニ銀,
voice_007_246,ゴリゴリ金,
voice_007_247,間宮久夢流,
voice_007_248,金沢流,
voice_007_249,都成流,
voice_007_250,やばボーズ流,
voice_007_251,xaby角,
voice_007_252,GAVA角,
voice_007_253,パックマン戦法,
voice_007_254,カメレオン戦法,
voice_007_255,カリスマウィルス,
voice_007_256,ショーダンシステム,
voice_007_257,ハチワンシステム,
voice_007_258,メイドシステム,
voice_007_259,村田システム,
voice_007_260,ドラゴンスペシャル,
voice_007_261,アユムスペシャル,
voice_007_296,工藤流陽動振り飛車,
voice_008_001,"初めまして、八雲龍菜と申します 。
お爺さまの教えを胸に、貴方と善き縁を結べることを願っております 。
どうぞよろしくお願いいたします",
voice_008_002,参りましょう。,
voice_008_003,よろしくお願いします。,
voice_008_004,どちらがより秀でているか、勝負といきましょう。,
voice_008_005,また一歩お爺さまに近づきました,
voice_008_006,ありがとうございました。いい対局でした。,
voice_008_007,おじい様の教え通りに指せました。,
voice_008_008,私の理想とする指し回しができた気がします。,
voice_008_009,"お帰りなさいませ。
ちょうど新しいお茶を淹れたところです。少し、一休みしていきませんか？",
voice_008_010,"お待ちしておりました。
今日も一日、貴方の傍にいさせてくださいね。",
voice_008_011,"私の嗜む『右玉』は、とても便利な戦法なんですよ 。
どんな状況でも対応できる万能性、貴方も体験してみませんか？",
voice_008_012,"祖父は将棋の道を極めた名人ですが、いつかその背中を追い越し、超えることが今の目標です。
道は険しいですが鍛錬あるのみです。",
voice_008_013,"『名人の孫娘』として、外では常に凛とした振る舞いを心がけております 。
至らぬ身ではございますが、八雲の名を汚さぬよう精進して参りたいと思っております",
voice_008_014,"素敵な髪飾りや着物を集めるのが密かな楽しみなのです。
どれにしようかと選んでいる時間は、心が弾みます。",
voice_008_015,"美味しい和菓子とお茶があれば、それだけで幸せです。
今度、お気に入りのお店をご案内しましょうか？",
voice_008_016,"少し、お疲れではありませんか？
 貴方が無理をしていないか、私はいつも心配しております。",
voice_008_017,"こうして二人で静かに過ごしていると、言葉がなくても心が通じ合っているような、そんな心地よさを感じます。
……貴方の隣は本当に不思議な場所ですね。",
voice_008_018,"実は……美味しい和菓子をいただくと、つい頬が緩んでしまうのです。
お見苦しいので、他の方には内緒にしておいてくださいね？",
voice_008_019,"ありがとうございます。
私のために選んでくださった、そのお気持ちが何より嬉しいです。",
voice_008_020,"素敵！
私の好みをよくご存知なのですね。大切に使わせていただきます。",
voice_008_021,貴方との時間は、とても穏やかで心地よいです。,
voice_008_022,最近、貴方の前では少しだけ、素の自分を見せられるようになった気がします。,
voice_008_023,"貴方が困っている時は、私が全力で支えます。
理屈ではなく、私の心がそうしたいと告げているのです。",
voice_008_024,"「八雲の孫娘」として、常に模範的であることを求められてきましたが、貴方の隣にいる時だけは、その重荷を下ろせる気がするのです。
これからはもっと、貴方に甘えてもよろしいでしょうか？",
voice_008_025,"私の内に秘めた情熱は、これまで一つの道にだけ捧げてまいりました 。
ですが最近は、貴方のことを想うだけでも、胸の奥が熱くなるのを感じるのです。
……ふふっ、この想いは、きっと和菓子よりもずっと甘いのでしょうね。",
voice_008_026,"貴方を導く役目、謹んでお引き受けいたします。
共に頂を目指し参りましょう。",
voice_008_027,王手です。,
voice_008_028,ここで!,
voice_008_029,詰みです,
voice_008_030,私の読みが、及びませんでした。,
voice_008_031,引き分けですね,
voice_008_032,時間切れ、ですね。,
voice_008_033,ここからですね。,
voice_008_034,成ります,
voice_008_035,一手ずつ丁寧に返していきます,
voice_008_036,最後まで丁寧に,
voice_008_037,最後まで諦めたりはしません！,
voice_008_038,この一手で流れを変えます,
voice_008_039,金矢倉,
voice_008_040,銀矢倉,
voice_008_041,片矢倉,
voice_008_042,菊水矢倉,
voice_008_043,菱矢倉,
voice_008_044,土居囲い,
voice_008_045,総矢倉,
voice_008_046,銀立ち矢倉,
voice_008_047,矢倉穴熊,
voice_008_048,カブト囲い,
voice_008_049,右矢倉,
voice_008_050,雁木囲い,
voice_008_051,居飛車穴熊,
voice_008_052,居飛穴音無しの構え,
voice_008_053,松尾流穴熊,
voice_008_054,銀冠穴熊,
voice_008_055,左美濃,
voice_008_056,天守閣美濃,
voice_008_057,カニ囲い,
voice_008_058,早囲い,
voice_008_059,中住まい,
voice_008_060,中原玉,
voice_008_061,elmo囲い,
voice_008_062,美濃囲い,
voice_008_063,片美濃囲い,
voice_008_064,高美濃囲い,
voice_008_065,木村美濃,
voice_008_066,金美濃,
voice_008_067,銀美濃,
voice_008_068,ダイヤモンド美濃,
voice_008_069,ちょんまげ美濃,
voice_008_070,大山美濃,
voice_008_071,ずれ美濃,
voice_008_072,坊主美濃,
voice_008_073,升田美濃,
voice_008_074,プラチナ美濃,
voice_008_075,四枚美濃,
voice_008_076,美濃熊囲い,
voice_008_077,振り飛車穴熊,
voice_008_078,銀冠,
voice_008_079,端玉銀冠,
voice_008_080,金冠,
voice_008_081,金盾囲い,
voice_008_082,金無双,
voice_008_083,アヒル囲い,
voice_008_084,ALSOK囲い,
voice_008_085,いちご囲い,
voice_008_086,大隅囲い,
voice_008_087,空中楼閣,
voice_008_088,串カツ囲い,
voice_008_089,裾固め,
voice_008_090,箱入り娘,
voice_008_091,舟囲い,
voice_008_092,ビッグ４,
voice_008_093,ボナンザ囲い,
voice_008_094,ミレニアム囲い,
voice_008_095,無敵囲い,
voice_008_096,相掛かり,
voice_008_097,相掛かり棒銀,
voice_008_098,飯島流相掛かり引き角,
voice_008_099,中原流相掛かり,
voice_008_100,ひねり飛車,
voice_008_101,塚田スペシャル,
voice_008_102,UFO銀,
voice_008_103,横歩取り,
voice_008_104,相横歩取り,
voice_008_105,青野流,
voice_008_106,８五飛車,
voice_008_107,４五角戦法,
voice_008_108,勇気流,
voice_008_109,竹部スペシャル,
voice_008_110,２三歩戦法,
voice_008_111,３三角型空中戦法,
voice_008_112,３三桂戦法,
voice_008_113,角換わり,
voice_008_114,腰掛け銀,
voice_008_115,角換わり棒銀,
voice_008_116,角換わり右玉,
voice_008_117,一手損角換わり,
voice_008_118,木村定跡,
voice_008_119,阿久津流急戦矢倉,
voice_008_120,中原流急戦矢倉,
voice_008_121,米長流急戦矢倉,
voice_008_122,矢倉棒銀,
voice_008_123,脇システム,
voice_008_124,森下システム,
voice_008_125,３七銀戦法,
voice_008_126,四手角,
voice_008_127,ウソ矢倉,
voice_008_128,左美濃急戦,
voice_008_129,居角左美濃急戦,
voice_008_130,忍者銀,
voice_008_131,新型雁木,
voice_008_132,ツノ銀雁木,
voice_008_133,対振り飛車持久戦,
voice_008_134,飯島流引き角戦法,
voice_008_135,鷺宮定跡,
voice_008_136,４六銀左急戦,
voice_008_137,４六銀右急戦,
voice_008_138,４五歩早仕掛け,
voice_008_139,山田定跡,
voice_008_140,エルモ急戦,
voice_008_141,へなちょこ急戦,
voice_008_142,玉頭位取り,
voice_008_143,５筋位取り,
voice_008_144,５七金戦法,
voice_008_145,超急戦,
voice_008_146,超速,
voice_008_147,丸山ワクチン,
voice_008_148,棒金,
voice_008_149,棒銀,
voice_008_150,原始棒銀,
voice_008_151,早繰り銀,
voice_008_152,右四間飛車,
voice_008_153,右四間飛車急戦,
voice_008_154,右四間飛車左美濃,
voice_008_155,袖飛車,
voice_008_156,羽生式袖飛車,
voice_008_157,加藤流袖飛車,
voice_008_158,中原飛車,
voice_008_159,地下鉄飛車,
voice_008_160,腰掛け銀,
voice_008_161,腰掛け金,
voice_008_162,雀刺し,
voice_008_163,鳥刺し,
voice_008_164,鎖鎌銀,
voice_008_165,ポンポン桂,
voice_008_166,新米長玉,
voice_008_167,四間飛車,
voice_008_168,角道オープン四間飛車,
voice_008_169,藤井システム,
voice_008_170,はく式四間飛車,
voice_008_171,魔界四間飛車,
voice_008_172,耀龍四間飛車,
voice_008_173,立石流,
voice_008_174,錆刀戦法,
voice_008_175,レグスペ,
voice_008_176,三間飛車,
voice_008_177,石田流,
voice_008_178,石田流本組み,
voice_008_179,新石田流,
voice_008_180,早石田,
voice_008_181,升田式石田流,
voice_008_182,楠本式石田流,
voice_008_183,ムリヤリ早石田,
voice_008_184,４→３戦法,
voice_008_185,菅井流三間飛車,
voice_008_186,菅井流ゴキゲン三間飛車,
voice_008_187,トマホーク,
voice_008_188,中田功ＸＰ,
voice_008_189,７八飛戦法,
voice_008_190,カナケンシステム,
voice_008_191,３ニ飛戦法,
voice_008_192,つくつくぼうし戦法,
voice_008_193,真部流,
voice_008_194,中飛車,
voice_008_195,ゴキゲン中飛車,
voice_008_196,先手中飛車,
voice_008_197,原始中飛車,
voice_008_198,ツノ銀中飛車,
voice_008_199,英ちゃん流中飛車,
voice_008_200,中飛車左穴熊,
voice_008_201,遠山流,
voice_008_202,矢倉中飛車,
voice_008_203,平目,
voice_008_204,向飛車,
voice_008_205,ダイレクト向かい飛車,
voice_008_206,鬼殺し向かい飛車,
voice_008_207,メリケン向かい飛車,
voice_008_208,天彦流向かい飛車,
voice_008_209,菜々河流向かい飛車,
voice_008_210,阪田流向飛車,
voice_008_211,天彦流▲6六角,
voice_008_212,菜々河流△4四角,
voice_008_213,相振り飛車,
voice_008_214,角交換振り飛車,
voice_008_215,陽動振り飛車,
voice_008_216,振り飛車ミレニアム,
voice_008_217,一間飛車,
voice_008_218,一間飛車穴熊,
voice_008_219,九間飛車,
voice_008_220,Uターン飛車,
voice_008_221,７二飛亜急戦,
voice_008_222,玉頭銀,
voice_008_223,右玉,
voice_008_224,糸谷流右玉,
voice_008_225,こいなぎ流右玉,
voice_008_226,セカステ右玉,
voice_008_227,高田流左玉,
voice_008_228,嬉野流,
voice_008_229,新嬉野流,
voice_008_230,鬼殺し,
voice_008_231,新鬼殺し,
voice_008_232,かまいたち戦法,
voice_008_233,筋違い角,
voice_008_234,相筋違い角,
voice_008_235,筋違い角阪田流,
voice_008_236,稲庭戦法,
voice_008_237,阪田流2手目△9四歩,
voice_008_238,角頭歩戦法,
voice_008_239,5手爆弾,
voice_008_240,目くらまし戦法,
voice_008_241,暴銀,
voice_008_242,風車,
voice_008_243,きmきm金,
voice_008_244,カニカニ金,
voice_008_245,カニカニ銀,
voice_008_246,ゴリゴリ金,
voice_008_247,間宮久夢流,
voice_008_248,金沢流,
voice_008_249,都成流,
voice_008_250,やばボーズ流,
voice_008_251,xaby角,
voice_008_252,GAVA角,
voice_008_253,パックマン戦法,
voice_008_254,カメレオン戦法,
voice_008_255,カリスマウィルス,
voice_008_256,ショーダンシステム,
voice_008_257,ハチワンシステム,
voice_008_258,メイドシステム,
voice_008_259,村田システム,
voice_008_260,ドラゴンスペシャル,
voice_008_261,アユムスペシャル,
voice_008_296,工藤流陽動振り飛車,
voice_009_001,"宵月だ。
流浪の末、この地に辿り着いた。
貴殿が私の主にふさわしいか。見極めさせてもらう。",
voice_009_002,いざ、参る！,
voice_009_003,よろしく頼む。,
voice_009_004,どちらの実力が上か、ここで証明する,
voice_009_005,これが忍びの戦い方だ！,
voice_009_006,いい対局だった。,
voice_009_007,"隙を見せたな。
私の勝利だ。",
voice_009_008,"これぞ忍びの速攻。
完勝だ。",
voice_009_009,"来たか。
一局、頼む。",
voice_009_010,"おかえり。
今、茶を淹れる。共に飲もう。",
voice_009_011,"私の得意とする早石田は、速攻を仕掛ける戦法だ。
貴殿にもお勧めする。ぜひ試してみてほしい。",
voice_009_012,"里を離れ、様々な達人に挑んできた。
今の私の目標は、この道の頂を獲ることだ。
貴殿も共に励んでみないか？",
voice_009_013,"好きなことか。
静かな夜に団子と温かい茶を嗜む時間は好きだ 。",
voice_009_014,"忍びの里に生まれたが、今は表の世界の方が気に入っている。
特に自動販売機というものは素晴らしいな。",
voice_009_015,"修行の旅では各地の美味を探すのが楽しいな。
美味しそうな匂いにつられて歩いていたら、いつの間にか家の屋根を渡って歩いてて……流石に驚かれたな。",
voice_009_016,"少し顔色が悪いな。
茶を淹れてくる。",
voice_009_017,旅先で美味しいものを口にするたびに、貴殿にも味わってほしいと考えることがある。,
voice_009_018,"貴殿にだけは忍んでも容易く悟られてしまう。
……修行が、まだ足りぬということか。",
voice_009_019,"私に？ 
ありがたく受け取ろう。",
voice_009_020,"このような素敵なものを、私に？ 
大切に使おう。",
voice_009_021,貴殿の傍にいることに慣れてきたな。,
voice_009_022,"最近、修行として貴殿を尾行している。
何？全然忍べてないだと？……精進する。",
voice_009_023,"貴殿の傍は……妙に落ち着くな。
里の茶を淹れた、飲んでくれ 。口に合うといいのだが。",
voice_009_024,"ふぅ、貴殿の隣は居心地が良すぎる。つい、気が緩んでしまう。
……このような穏やかな時がずっと続けばいいな。",
voice_009_025,"私は、貴殿と過ごす時間を尊く思う。
不器用ゆえ、気の利いたことは言えぬが……その、貴殿のためにこれからも毎日、茶を淹れさせてはもらえないだろうか。",
voice_009_026,"私を師と仰ぐか。よかろう。
貴殿を一流の指し手に育て上げるとここに誓おう。",
voice_009_027,王手だ。,
voice_009_028,伏兵を投入！,
voice_009_029,詰みです,
voice_009_030,くっ……修行が必要ですね,
voice_009_031,引き分けですね,
voice_009_032,時間切れです,
voice_009_033,覚悟はよろしいですか？,
voice_009_034,さらに鋭く,
voice_009_035,ここからです！,
voice_009_036,すでに私の間合いです,
voice_009_037,まだ終わりません！,
voice_009_038,この一手受けるがいい！,
voice_009_039,金矢倉,
voice_009_040,銀矢倉,
voice_009_041,片矢倉,
voice_009_042,菊水矢倉,
voice_009_043,菱矢倉,
voice_009_044,土居囲い,
voice_009_045,総矢倉,
voice_009_046,銀立ち矢倉,
voice_009_047,矢倉穴熊,
voice_009_048,カブト囲い,
voice_009_049,右矢倉,
voice_009_050,雁木囲い,
voice_009_051,居飛車穴熊,
voice_009_052,居飛穴音無しの構え,
voice_009_053,松尾流穴熊,
voice_009_054,銀冠穴熊,
voice_009_055,左美濃,
voice_009_056,天守閣美濃,
voice_009_057,カニ囲い,
voice_009_058,早囲い,
voice_009_059,中住まい,
voice_009_060,中原玉,
voice_009_061,elmo囲い,
voice_009_062,美濃囲い,
voice_009_063,片美濃囲い,
voice_009_064,高美濃囲い,
voice_009_065,木村美濃,
voice_009_066,金美濃,
voice_009_067,銀美濃,
voice_009_068,ダイヤモンド美濃,
voice_009_069,ちょんまげ美濃,
voice_009_070,大山美濃,
voice_009_071,ずれ美濃,
voice_009_072,坊主美濃,
voice_009_073,升田美濃,
voice_009_074,プラチナ美濃,
voice_009_075,四枚美濃,
voice_009_076,美濃熊囲い,
voice_009_077,振り飛車穴熊,
voice_009_078,銀冠,
voice_009_079,端玉銀冠,
voice_009_080,金冠,
voice_009_081,金盾囲い,
voice_009_082,金無双,
voice_009_083,アヒル囲い,
voice_009_084,ALSOK囲い,
voice_009_085,いちご囲い,
voice_009_086,大隅囲い,
voice_009_087,空中楼閣,
voice_009_088,串カツ囲い,
voice_009_089,裾固め,
voice_009_090,箱入り娘,
voice_009_091,舟囲い,
voice_009_092,ビッグ４,
voice_009_093,ボナンザ囲い,
voice_009_094,ミレニアム囲い,
voice_009_095,無敵囲い,
voice_009_096,相掛かり,
voice_009_097,相掛かり棒銀,
voice_009_098,飯島流相掛かり引き角,
voice_009_099,中原流相掛かり,
voice_009_100,ひねり飛車,
voice_009_101,塚田スペシャル,
voice_009_102,UFO銀,
voice_009_103,横歩取り,
voice_009_104,相横歩取り,
voice_009_105,青野流,
voice_009_106,８五飛車,
voice_009_107,４五角戦法,
voice_009_108,勇気流,
voice_009_109,竹部スペシャル,
voice_009_110,２三歩戦法,
voice_009_111,３三角型空中戦法,
voice_009_112,３三桂戦法,
voice_009_113,角換わり,
voice_009_114,腰掛け銀,
voice_009_115,角換わり棒銀,
voice_009_116,角換わり右玉,
voice_009_117,一手損角換わり,
voice_009_118,木村定跡,
voice_009_119,阿久津流急戦矢倉,
voice_009_120,中原流急戦矢倉,
voice_009_121,米長流急戦矢倉,
voice_009_122,矢倉棒銀,
voice_009_123,脇システム,
voice_009_124,森下システム,
voice_009_125,３七銀戦法,
voice_009_126,四手角,
voice_009_127,ウソ矢倉,
voice_009_128,左美濃急戦,
voice_009_129,居角左美濃急戦,
voice_009_130,忍者銀,
voice_009_131,新型雁木,
voice_009_132,ツノ銀雁木,
voice_009_133,対振り飛車持久戦,
voice_009_134,飯島流引き角戦法,
voice_009_135,鷺宮定跡,
voice_009_136,４六銀左急戦,
voice_009_137,４六銀右急戦,
voice_009_138,４五歩早仕掛け,
voice_009_139,山田定跡,
voice_009_140,エルモ急戦,
voice_009_141,へなちょこ急戦,
voice_009_142,玉頭位取り,
voice_009_143,５筋位取り,
voice_009_144,５七金戦法,
voice_009_145,超急戦,
voice_009_146,超速,
voice_009_147,丸山ワクチン,
voice_009_148,棒金,
voice_009_149,棒銀,
voice_009_150,原始棒銀,
voice_009_151,早繰り銀,
voice_009_152,右四間飛車,
voice_009_153,右四間飛車急戦,
voice_009_154,右四間飛車左美濃,
voice_009_155,袖飛車,
voice_009_156,羽生式袖飛車,
voice_009_157,加藤流袖飛車,
voice_009_158,中原飛車,
voice_009_159,地下鉄飛車,
voice_009_160,腰掛け銀,
voice_009_161,腰掛け金,
voice_009_162,雀刺し,
voice_009_163,鳥刺し,
voice_009_164,鎖鎌銀,
voice_009_165,ポンポン桂,
voice_009_166,新米長玉,
voice_009_167,四間飛車,
voice_009_168,角道オープン四間飛車,
voice_009_169,藤井システム,
voice_009_170,はく式四間飛車,
voice_009_171,魔界四間飛車,
voice_009_172,耀龍四間飛車,
voice_009_173,立石流,
voice_009_174,錆刀戦法,
voice_009_175,レグスペ,
voice_009_176,三間飛車,
voice_009_177,石田流,
voice_009_178,石田流本組み,
voice_009_179,新石田流,
voice_009_180,早石田,
voice_009_181,升田式石田流,
voice_009_182,楠本式石田流,
voice_009_183,ムリヤリ早石田,
voice_009_184,４→３戦法,
voice_009_185,菅井流三間飛車,
voice_009_186,菅井流ゴキゲン三間飛車,
voice_009_187,トマホーク,
voice_009_188,中田功ＸＰ,
voice_009_189,７八飛戦法,
voice_009_190,カナケンシステム,
voice_009_191,３ニ飛戦法,
voice_009_192,つくつくぼうし戦法,
voice_009_193,真部流,
voice_009_194,中飛車,
voice_009_195,ゴキゲン中飛車,
voice_009_196,先手中飛車,
voice_009_197,原始中飛車,
voice_009_198,ツノ銀中飛車,
voice_009_199,英ちゃん流中飛車,
voice_009_200,中飛車左穴熊,
voice_009_201,遠山流,
voice_009_202,矢倉中飛車,
voice_009_203,平目,
voice_009_204,向飛車,
voice_009_205,ダイレクト向かい飛車,
voice_009_206,鬼殺し向かい飛車,
voice_009_207,メリケン向かい飛車,
voice_009_208,天彦流向かい飛車,
voice_009_209,菜々河流向かい飛車,
voice_009_210,阪田流向飛車,
voice_009_211,天彦流▲6六角,
voice_009_212,菜々河流△4四角,
voice_009_213,相振り飛車,
voice_009_214,角交換振り飛車,
voice_009_215,陽動振り飛車,
voice_009_216,振り飛車ミレニアム,
voice_009_217,一間飛車,
voice_009_218,一間飛車穴熊,
voice_009_219,九間飛車,
voice_009_220,Uターン飛車,
voice_009_221,７二飛亜急戦,
voice_009_222,玉頭銀,
voice_009_223,右玉,
voice_009_224,糸谷流右玉,
voice_009_225,こいなぎ流右玉,
voice_009_226,セカステ右玉,
voice_009_227,高田流左玉,
voice_009_228,嬉野流,
voice_009_229,新嬉野流,
voice_009_230,鬼殺し,
voice_009_231,新鬼殺し,
voice_009_232,かまいたち戦法,
voice_009_233,筋違い角,
voice_009_234,相筋違い角,
voice_009_235,筋違い角阪田流,
voice_009_236,稲庭戦法,
voice_009_237,阪田流2手目△9四歩,
voice_009_238,角頭歩戦法,
voice_009_239,5手爆弾,
voice_009_240,目くらまし戦法,
voice_009_241,暴銀,
voice_009_242,風車,
voice_009_243,きmきm金,
voice_009_244,カニカニ金,
voice_009_245,カニカニ銀,
voice_009_246,ゴリゴリ金,
voice_009_247,間宮久夢流,
voice_009_248,金沢流,
voice_009_249,都成流,
voice_009_250,やばボーズ流,
voice_009_251,xaby角,
voice_009_252,GAVA角,
voice_009_253,パックマン戦法,
voice_009_254,カメレオン戦法,
voice_009_255,カリスマウィルス,
voice_009_256,ショーダンシステム,
voice_009_257,ハチワンシステム,
voice_009_258,メイドシステム,
voice_009_259,村田システム,
voice_009_260,ドラゴンスペシャル,
voice_009_261,アユムスペシャル,
voice_009_296,工藤流陽動振り飛車,
voice_010_001,"狼谷シロウだ。用心棒をしている。
君の護衛は俺が引き受けよう。",
voice_010_002,依頼を受諾。任務を開始する,
voice_010_003,よろしく頼む,
voice_010_004,俺が相手か……やっかいだな,
voice_010_005,敵の沈黙を確認。,
voice_010_006,いい対局だった。礼を言う。,
voice_010_007,"制圧完了。
俺の勝ちだ。",
voice_010_008,"完全制圧。
慈悲は無い。",
voice_010_009,"来たか。
本日の任務を開始する。",
voice_010_010,"待っていた。
君が来ないと、どうも落ち着かない。",
voice_010_011,"中飛車は俺の得意戦法だ。
中央を制し、盤面の主導権を握るのが俺の戦い方だ。",
voice_010_012,"慣れるまで、あまり話しかけるな。
任務に集中したい。",
voice_010_013,"昔の俺は、強さを誇っていた。 
今は……使いどころを間違えないようにしている。",
voice_010_014,"鍛錬は怠らない。
力も、読みも、鈍れば何も守れなくなる。",
voice_010_015,"無理はするな。
君が倒れると……悲しむ奴が出る。",
voice_010_016,"好きなこと……詰将棋だな。
考え抜いた末に、答えが見える瞬間が好きだ。",
voice_010_017,"この距離でいい。
護衛するには、ちょうどいい位置だ。",
voice_010_018,子供たちにシロにいと呼ばれている。柄じゃないが……まぁ、悪い気はしない。,
voice_010_019,貰っておこう。有効に活用させてもらう。,
voice_010_020,"君の心遣いに感謝する。
大切に使わせてもらう。",
voice_010_021,君と行動する機会が増えたな。,
voice_010_022,"背中を預けてもいいと思える相手は多くない。
君は……その一人だ。",
voice_010_023,"気がつくと君のことばかり考えている。
任務中も、浮かぶのは君の顔だ。
はは、参ったな。",
voice_010_024,"任務だから守るんじゃない。
俺自身の意志で君を支えたい。
君の隣が、俺の帰る場所だ。",
voice_010_025,"君のいない未来など考えられない。
俺の生涯を君に捧げる。
ずっと、俺の隣にいてくれ。",
voice_010_026,"君を導く師となり、時に君の盾となろう。
恩義のために生きてきた俺が、初めて自分から『この人を守りたい』と思ったんだ。
生涯かけて君を支えると誓うよ。",
voice_010_027,王手だ。,
voice_010_028,駒を打とう。,
voice_010_029,詰みだ。,
voice_010_030,くっ、読みが足りなかったか。,
voice_010_031,引き分けだ。,
voice_010_032,時間切れか。,
voice_010_033,ここが正念場だ。,
voice_010_034,ここで成る,
voice_010_035,警戒が必要だな,
voice_010_036,このまま畳みかける,
voice_010_037,まだ……ここからだ,
voice_010_038,これで流れを変える,
voice_010_039,金矢倉,
voice_010_040,銀矢倉,
voice_010_041,片矢倉,
voice_010_042,菊水矢倉,
voice_010_043,菱矢倉,
voice_010_044,土居囲い,
voice_010_045,総矢倉,
voice_010_046,銀立ち矢倉,
voice_010_047,矢倉穴熊,
voice_010_048,カブト囲い,
voice_010_049,右矢倉,
voice_010_050,雁木囲い,
voice_010_051,居飛車穴熊,
voice_010_052,居飛穴音無しの構え,
voice_010_053,松尾流穴熊,
voice_010_054,銀冠穴熊,
voice_010_055,左美濃,
voice_010_056,天守閣美濃,
voice_010_057,カニ囲い,
voice_010_058,早囲い,
voice_010_059,中住まい,
voice_010_060,中原玉,
voice_010_061,elmo囲い,
voice_010_062,美濃囲い,
voice_010_063,片美濃囲い,
voice_010_064,高美濃囲い,
voice_010_065,木村美濃,
voice_010_066,金美濃,
voice_010_067,銀美濃,
voice_010_068,ダイヤモンド美濃,
voice_010_069,ちょんまげ美濃,
voice_010_070,大山美濃,
voice_010_071,ずれ美濃,
voice_010_072,坊主美濃,
voice_010_073,升田美濃,
voice_010_074,プラチナ美濃,
voice_010_075,四枚美濃,
voice_010_076,美濃熊囲い,
voice_010_077,振り飛車穴熊,
voice_010_078,銀冠,
voice_010_079,端玉銀冠,
voice_010_080,金冠,
voice_010_081,金盾囲い,
voice_010_082,金無双,
voice_010_083,アヒル囲い,
voice_010_084,ALSOK囲い,
voice_010_085,いちご囲い,
voice_010_086,大隅囲い,
voice_010_087,空中楼閣,
voice_010_088,串カツ囲い,
voice_010_089,裾固め,
voice_010_090,箱入り娘,
voice_010_091,舟囲い,
voice_010_092,ビッグ４,
voice_010_093,ボナンザ囲い,
voice_010_094,ミレニアム囲い,
voice_010_095,無敵囲い,
voice_010_096,相掛かり,
voice_010_097,相掛かり棒銀,
voice_010_098,飯島流相掛かり引き角,
voice_010_099,中原流相掛かり,
voice_010_100,ひねり飛車,
voice_010_101,塚田スペシャル,
voice_010_102,UFO銀,
voice_010_103,横歩取り,
voice_010_104,相横歩取り,
voice_010_105,青野流,
voice_010_106,８五飛車,
voice_010_107,４五角戦法,
voice_010_108,勇気流,
voice_010_109,竹部スペシャル,
voice_010_110,２三歩戦法,
voice_010_111,３三角型空中戦法,
voice_010_112,３三桂戦法,
voice_010_113,角換わり,
voice_010_114,腰掛け銀,
voice_010_115,角換わり棒銀,
voice_010_116,角換わり右玉,
voice_010_117,一手損角換わり,
voice_010_118,木村定跡,
voice_010_119,阿久津流急戦矢倉,
voice_010_120,中原流急戦矢倉,
voice_010_121,米長流急戦矢倉,
voice_010_122,矢倉棒銀,
voice_010_123,脇システム,
voice_010_124,森下システム,
voice_010_125,３七銀戦法,
voice_010_126,四手角,
voice_010_127,ウソ矢倉,
voice_010_128,左美濃急戦,
voice_010_129,居角左美濃急戦,
voice_010_130,忍者銀,
voice_010_131,新型雁木,
voice_010_132,ツノ銀雁木,
voice_010_133,対振り飛車持久戦,
voice_010_134,飯島流引き角戦法,
voice_010_135,鷺宮定跡,
voice_010_136,４六銀左急戦,
voice_010_137,４六銀右急戦,
voice_010_138,４五歩早仕掛け,
voice_010_139,山田定跡,
voice_010_140,エルモ急戦,
voice_010_141,へなちょこ急戦,
voice_010_142,玉頭位取り,
voice_010_143,５筋位取り,
voice_010_144,５七金戦法,
voice_010_145,超急戦,
voice_010_146,超速,
voice_010_147,丸山ワクチン,
voice_010_148,棒金,
voice_010_149,棒銀,
voice_010_150,原始棒銀,
voice_010_151,早繰り銀,
voice_010_152,右四間飛車,
voice_010_153,右四間飛車急戦,
voice_010_154,右四間飛車左美濃,
voice_010_155,袖飛車,
voice_010_156,羽生式袖飛車,
voice_010_157,加藤流袖飛車,
voice_010_158,中原飛車,
voice_010_159,地下鉄飛車,
voice_010_160,腰掛け銀,
voice_010_161,腰掛け金,
voice_010_162,雀刺し,
voice_010_163,鳥刺し,
voice_010_164,鎖鎌銀,
voice_010_165,ポンポン桂,
voice_010_166,新米長玉,
voice_010_167,四間飛車,
voice_010_168,角道オープン四間飛車,
voice_010_169,藤井システム,
voice_010_170,はく式四間飛車,
voice_010_171,魔界四間飛車,
voice_010_172,耀龍四間飛車,
voice_010_173,立石流,
voice_010_174,錆刀戦法,
voice_010_175,レグスペ,
voice_010_176,三間飛車,
voice_010_177,石田流,
voice_010_178,石田流本組み,
voice_010_179,新石田流,
voice_010_180,早石田,
voice_010_181,升田式石田流,
voice_010_182,楠本式石田流,
voice_010_183,ムリヤリ早石田,
voice_010_184,４→３戦法,
voice_010_185,菅井流三間飛車,
voice_010_186,菅井流ゴキゲン三間飛車,
voice_010_187,トマホーク,
voice_010_188,中田功ＸＰ,
voice_010_189,７八飛戦法,
voice_010_190,カナケンシステム,
voice_010_191,３ニ飛戦法,
voice_010_192,つくつくぼうし戦法,
voice_010_193,真部流,
voice_010_194,中飛車,
voice_010_195,ゴキゲン中飛車,
voice_010_196,先手中飛車,
voice_010_197,原始中飛車,
voice_010_198,ツノ銀中飛車,
voice_010_199,英ちゃん流中飛車,
voice_010_200,中飛車左穴熊,
voice_010_201,遠山流,
voice_010_202,矢倉中飛車,
voice_010_203,平目,
voice_010_204,向飛車,
voice_010_205,ダイレクト向かい飛車,
voice_010_206,鬼殺し向かい飛車,
voice_010_207,メリケン向かい飛車,
voice_010_208,天彦流向かい飛車,
voice_010_209,菜々河流向かい飛車,
voice_010_210,阪田流向飛車,
voice_010_211,天彦流▲6六角,
voice_010_212,菜々河流△4四角,
voice_010_213,相振り飛車,
voice_010_214,角交換振り飛車,
voice_010_215,陽動振り飛車,
voice_010_216,振り飛車ミレニアム,
voice_010_217,一間飛車,
voice_010_218,一間飛車穴熊,
voice_010_219,九間飛車,
voice_010_220,Uターン飛車,
voice_010_221,７二飛亜急戦,
voice_010_222,玉頭銀,
voice_010_223,右玉,
voice_010_224,糸谷流右玉,
voice_010_225,こいなぎ流右玉,
voice_010_226,セカステ右玉,
voice_010_227,高田流左玉,
voice_010_228,嬉野流,
voice_010_229,新嬉野流,
voice_010_230,鬼殺し,
voice_010_231,新鬼殺し,
voice_010_232,かまいたち戦法,
voice_010_233,筋違い角,
voice_010_234,相筋違い角,
voice_010_235,筋違い角阪田流,
voice_010_236,稲庭戦法,
voice_010_237,阪田流2手目△9四歩,
voice_010_238,角頭歩戦法,
voice_010_239,5手爆弾,
voice_010_240,目くらまし戦法,
voice_010_241,暴銀,
voice_010_242,風車,
voice_010_243,きmきm金,
voice_010_244,カニカニ金,
voice_010_245,カニカニ銀,
voice_010_246,ゴリゴリ金,
voice_010_247,間宮久夢流,
voice_010_248,金沢流,
voice_010_249,都成流,
voice_010_250,やばボーズ流,
voice_010_251,xaby角,
voice_010_252,GAVA角,
voice_010_253,パックマン戦法,
voice_010_254,カメレオン戦法,
voice_010_255,カリスマウィルス,
voice_010_256,ショーダンシステム,
voice_010_257,ハチワンシステム,
voice_010_258,メイドシステム,
voice_010_259,村田システム,
voice_010_260,ドラゴンスペシャル,
voice_010_261,アユムスペシャル,
voice_010_296,工藤流陽動振り飛車,
voice_011_001,"ハッハッハ！ 金城豪だ。
君が噂の有望株か。共にこの世界の天辺を獲りに行こうじゃないか！",
voice_011_002,熱い勝負をしようじゃないか！,
voice_011_003,よろしく頼む！,
voice_011_004,どちらの資本が上か、ハッキリさせようじゃないか！,
voice_011_005,これだから勝負事はやめられん！,
voice_011_006,いい対局だった！感謝する！,
voice_011_007,最高の結果だ！,
voice_011_008,"ハッハッハ！
これぞ完全勝利！",
voice_011_009,"来たか！
今日も熱い勝負を俺に見せてくれ！",
voice_011_010,"待ちかねたぞ！相棒！
さぁ、共に熱い勝負場へ行こうじゃないか！",
voice_011_011,"居飛車穴熊は実にいい！
最初の手間を惜しまなければ、終盤の利益が大きいからな！",
voice_011_012,"俺の目標？ いたって、シンプルだ！
死ぬまでこの世界を『面白く、楽しく』遊び尽くすこと！わかりやすいだろう？",
voice_011_013,"金にがめついと言われることもあるが、それは一円の重みを知っているからだ。
無駄金は一銭も出さんが、面白い夢にはいくらでも注ぎ込むさ！",
voice_011_014,"何もせずじっとしているのは俺の性に合わん！
常に動き、選ぶ！それが人生を飽きさせない為のコツだ！",
voice_011_015,"好きな物はこの扇子さ！
扇ぐたびに金運が舞い込んでくるようで、実に縁起がいいだろ？",
voice_011_016,"顔色が悪いんじゃないか？ 
休息も自分の体への投資だ。",
voice_011_017,"君という原石が輝く瞬間を、俺は特等席で眺め続けたい。
そのための投資なら、いくらでも払おうじゃないか！",
voice_011_018,"この金の扇子、相棒の分も特注しておいたぞ！ 
二人でこれを振って、勝利の風を呼び込もうじゃないか！",
voice_011_019,俺に贈り物か？ ありがたく受け取っておこう！,
voice_011_020,"素晴らしい！
君のセンスには、無限の可能性を感じるよ！",
voice_011_021,これからもその調子で、俺をワクワクさせてくれ！,
voice_011_022,"ほう、また腕を上げたな！
君という有望株が上がっていくのは実に気分がいい！",
voice_011_023,"俺の目に狂いはなかった！ 
今の君の輝きは、どんな宝石よりも価値があるぞ！",
voice_011_024,"ハッハッハ！ 君と俺は、今や最高のタッグだ！
これからも期待しているぞ！",
voice_011_025,"決めたぞ！ 
君という才能に、全賭けしようじゃないか！
これからもよろしく頼むぞ！相棒！",
voice_011_026,"ハッハッハ！ 
いいだろう！君という原石を、世界一のダイヤに磨き上げようじゃないか！",
voice_011_027,王手だ。,
voice_011_028,蓄えた資本を投入だ！,
voice_011_029,詰みだ！,
voice_011_030,完敗だ！いい勉強になったよ！,
voice_011_031,引き分けか,
voice_011_032,タイムオーバーか！,
voice_011_033,さぁ、勝負といこうか！,
voice_011_034,価値を跳ね上げる！,
voice_011_035,含み損が出てるな,
voice_011_036,勝利の匂いがしてきたぞ！,
voice_011_037,このひりついた空気、たまらないな！,
voice_011_038,とっておきだ！,
voice_011_039,金矢倉,
voice_011_040,銀矢倉,
voice_011_041,片矢倉,
voice_011_042,菊水矢倉,
voice_011_043,菱矢倉,
voice_011_044,土居囲い,
voice_011_045,総矢倉,
voice_011_046,銀立ち矢倉,
voice_011_047,矢倉穴熊,
voice_011_048,カブト囲い,
voice_011_049,右矢倉,
voice_011_050,雁木囲い,
voice_011_051,居飛車穴熊,
voice_011_052,居飛穴音無しの構え,
voice_011_053,松尾流穴熊,
voice_011_054,銀冠穴熊,
voice_011_055,左美濃,
voice_011_056,天守閣美濃,
voice_011_057,カニ囲い,
voice_011_058,早囲い,
voice_011_059,中住まい,
voice_011_060,中原玉,
voice_011_061,elmo囲い,
voice_011_062,美濃囲い,
voice_011_063,片美濃囲い,
voice_011_064,高美濃囲い,
voice_011_065,木村美濃,
voice_011_066,金美濃,
voice_011_067,銀美濃,
voice_011_068,ダイヤモンド美濃,
voice_011_069,ちょんまげ美濃,
voice_011_070,大山美濃,
voice_011_071,ずれ美濃,
voice_011_072,坊主美濃,
voice_011_073,升田美濃,
voice_011_074,プラチナ美濃,
voice_011_075,四枚美濃,
voice_011_076,美濃熊囲い,
voice_011_077,振り飛車穴熊,
voice_011_078,銀冠,
voice_011_079,端玉銀冠,
voice_011_080,金冠,
voice_011_081,金盾囲い,
voice_011_082,金無双,
voice_011_083,アヒル囲い,
voice_011_084,ALSOK囲い,
voice_011_085,いちご囲い,
voice_011_086,大隅囲い,
voice_011_087,空中楼閣,
voice_011_088,串カツ囲い,
voice_011_089,裾固め,
voice_011_090,箱入り娘,
voice_011_091,舟囲い,
voice_011_092,ビッグ４,
voice_011_093,ボナンザ囲い,
voice_011_094,ミレニアム囲い,
voice_011_095,無敵囲い,
voice_011_096,相掛かり,
voice_011_097,相掛かり棒銀,
voice_011_098,飯島流相掛かり引き角,
voice_011_099,中原流相掛かり,
voice_011_100,ひねり飛車,
voice_011_101,塚田スペシャル,
voice_011_102,UFO銀,
voice_011_103,横歩取り,
voice_011_104,相横歩取り,
voice_011_105,青野流,
voice_011_106,８五飛車,
voice_011_107,４五角戦法,
voice_011_108,勇気流,
voice_011_109,竹部スペシャル,
voice_011_110,２三歩戦法,
voice_011_111,３三角型空中戦法,
voice_011_112,３三桂戦法,
voice_011_113,角換わり,
voice_011_114,腰掛け銀,
voice_011_115,角換わり棒銀,
voice_011_116,角換わり右玉,
voice_011_117,一手損角換わり,
voice_011_118,木村定跡,
voice_011_119,阿久津流急戦矢倉,
voice_011_120,中原流急戦矢倉,
voice_011_121,米長流急戦矢倉,
voice_011_122,矢倉棒銀,
voice_011_123,脇システム,
voice_011_124,森下システム,
voice_011_125,３七銀戦法,
voice_011_126,四手角,
voice_011_127,ウソ矢倉,
voice_011_128,左美濃急戦,
voice_011_129,居角左美濃急戦,
voice_011_130,忍者銀,
voice_011_131,新型雁木,
voice_011_132,ツノ銀雁木,
voice_011_133,対振り飛車持久戦,
voice_011_134,飯島流引き角戦法,
voice_011_135,鷺宮定跡,
voice_011_136,４六銀左急戦,
voice_011_137,４六銀右急戦,
voice_011_138,４五歩早仕掛け,
voice_011_139,山田定跡,
voice_011_140,エルモ急戦,
voice_011_141,へなちょこ急戦,
voice_011_142,玉頭位取り,
voice_011_143,５筋位取り,
voice_011_144,５七金戦法,
voice_011_145,超急戦,
voice_011_146,超速,
voice_011_147,丸山ワクチン,
voice_011_148,棒金,
voice_011_149,棒銀,
voice_011_150,原始棒銀,
voice_011_151,早繰り銀,
voice_011_152,右四間飛車,
voice_011_153,右四間飛車急戦,
voice_011_154,右四間飛車左美濃,
voice_011_155,袖飛車,
voice_011_156,羽生式袖飛車,
voice_011_157,加藤流袖飛車,
voice_011_158,中原飛車,
voice_011_159,地下鉄飛車,
voice_011_160,腰掛け銀,
voice_011_161,腰掛け金,
voice_011_162,雀刺し,
voice_011_163,鳥刺し,
voice_011_164,鎖鎌銀,
voice_011_165,ポンポン桂,
voice_011_166,新米長玉,
voice_011_167,四間飛車,
voice_011_168,角道オープン四間飛車,
voice_011_169,藤井システム,
voice_011_170,はく式四間飛車,
voice_011_171,魔界四間飛車,
voice_011_172,耀龍四間飛車,
voice_011_173,立石流,
voice_011_174,錆刀戦法,
voice_011_175,レグスペ,
voice_011_176,三間飛車,
voice_011_177,石田流,
voice_011_178,石田流本組み,
voice_011_179,新石田流,
voice_011_180,早石田,
voice_011_181,升田式石田流,
voice_011_182,楠本式石田流,
voice_011_183,ムリヤリ早石田,
voice_011_184,４→３戦法,
voice_011_185,菅井流三間飛車,
voice_011_186,菅井流ゴキゲン三間飛車,
voice_011_187,トマホーク,
voice_011_188,中田功ＸＰ,
voice_011_189,７八飛戦法,
voice_011_190,カナケンシステム,
voice_011_191,３ニ飛戦法,
voice_011_192,つくつくぼうし戦法,
voice_011_193,真部流,
voice_011_194,中飛車,
voice_011_195,ゴキゲン中飛車,
voice_011_196,先手中飛車,
voice_011_197,原始中飛車,
voice_011_198,ツノ銀中飛車,
voice_011_199,英ちゃん流中飛車,
voice_011_200,中飛車左穴熊,
voice_011_201,遠山流,
voice_011_202,矢倉中飛車,
voice_011_203,平目,
voice_011_204,向飛車,
voice_011_205,ダイレクト向かい飛車,
voice_011_206,鬼殺し向かい飛車,
voice_011_207,メリケン向かい飛車,
voice_011_208,天彦流向かい飛車,
voice_011_209,菜々河流向かい飛車,
voice_011_210,阪田流向飛車,
voice_011_211,天彦流▲6六角,
voice_011_212,菜々河流△4四角,
voice_011_213,相振り飛車,
voice_011_214,角交換振り飛車,
voice_011_215,陽動振り飛車,
voice_011_216,振り飛車ミレニアム,
voice_011_217,一間飛車,
voice_011_218,一間飛車穴熊,
voice_011_219,九間飛車,
voice_011_220,Uターン飛車,
voice_011_221,７二飛亜急戦,
voice_011_222,玉頭銀,
voice_011_223,右玉,
voice_011_224,糸谷流右玉,
voice_011_225,こいなぎ流右玉,
voice_011_226,セカステ右玉,
voice_011_227,高田流左玉,
voice_011_228,嬉野流,
voice_011_229,新嬉野流,
voice_011_230,鬼殺し,
voice_011_231,新鬼殺し,
voice_011_232,かまいたち戦法,
voice_011_233,筋違い角,
voice_011_234,相筋違い角,
voice_011_235,筋違い角阪田流,
voice_011_236,稲庭戦法,
voice_011_237,阪田流2手目△9四歩,
voice_011_238,角頭歩戦法,
voice_011_239,5手爆弾,
voice_011_240,目くらまし戦法,
voice_011_241,暴銀,
voice_011_242,風車,
voice_011_243,きmきm金,
voice_011_244,カニカニ金,
voice_011_245,カニカニ銀,
voice_011_246,ゴリゴリ金,
voice_011_247,間宮久夢流,
voice_011_248,金沢流,
voice_011_249,都成流,
voice_011_250,やばボーズ流,
voice_011_251,xaby角,
voice_011_252,GAVA角,
voice_011_253,パックマン戦法,
voice_011_254,カメレオン戦法,
voice_011_255,カリスマウィルス,
voice_011_256,ショーダンシステム,
voice_011_257,ハチワンシステム,
voice_011_258,メイドシステム,
voice_011_259,村田システム,
voice_011_260,ドラゴンスペシャル,
voice_011_261,アユムスペシャル,
voice_011_296,工藤流陽動振り飛車,
voice_012_001,"高瀬　紘一だ。
仕事帰りに一局指すのが、私の日課でね。
よろしく頼む。",
voice_012_002,最短ルートで勝利を目指そう,
voice_012_003,よろしくお願いします。,
voice_012_004,どちらが上か、私が証明するまでだ。,
voice_012_005,私の管理に狂いはない,
voice_012_006,いい対局でした。,
voice_012_007,私の戦略に一点の曇りもなかった 。,
voice_012_008,脳が冴え渡っていたな。さて、糖分を補充しよう,
voice_012_009,"お疲れ様。
私のスケジュールに遅延はない。さあ、一局始めようか。",
voice_012_010,"お帰り。
そろそろ君が来る頃だと思って、ちょうど僕のお気に入りのスイーツを二人分、注文しておいたところだよ。",
voice_012_011,"角換わりは、現状に合わせてさまざまな選択肢が取れるのが魅力だ 。
あらゆるケースを想定し、最適解を導き出すプロセスは私の性に合っている。
君も一度使ってみるといい。",
voice_012_012,"日常のノイズを振り払い、ただ一つの正解を求める。
これは私にとって大切な時間だ。",
voice_012_013,"エリート？ 
ふふ、僕はただ、やるべきことを淡々とこなしているだけだよ。",
voice_012_014,"ブラックコーヒーと甘いケーキ。
この組み合わせこそが、僕の至福なんだ。",
voice_012_015,"少し顔色が悪いようだ。
無理は効率を下げるだけだ。温かい飲み物を淹れてくる。",
voice_012_016,仕事の電話か……すまない、少しだけ『私』に戻らせてくれ。,
voice_012_017,"今度、僕の家で指さないかい？ 
最高の豆と、最高のスイーツを用意するよ。",
voice_012_018,"甘いものを食べすぎた日は、夜中にこっそりスクワットをしているよ。
健康管理も仕事だからね。",
voice_012_019,ありがとう、大切にするよ。,
voice_012_020,"素晴らしい！
僕の好みをよく分かっているね。",
voice_012_021,君との対局は、私の棋力に新しい風を吹き込んでくれるようだ。,
voice_012_022,君は僕の予想をいつもいい意味で裏切ってくれる。……面白い存在だ。,
voice_012_023,"悪くないな。
君と一緒に過ごす時間が、これほど心地よいものだなんて。",
voice_012_024,"僕のスケジュールをすべて書き換えてでも、君との時間を一分でも長く確保したい。
今の僕にとって、それが最も価値のあることだ。",
voice_012_025,"僕の全てをかけて、君を幸せにすることを誓おう。
これからも、僕の隣にいてくれないか？",
voice_012_026,"光栄だ。
君を一流の棋士にするために、僕のノウハウをすべて授けよう。",
voice_012_027,王手だ。,
voice_012_028,ここが打ちどころだ,
voice_012_029,詰みだ,
voice_012_030,読み負けたな……次は修正する。,
voice_012_031,引き分けだ,
voice_012_032,読みに没頭しすぎた,
voice_012_033,ここからが本番だ,
voice_012_034,ここで、成らせてもらおう,
voice_012_035,冷静に戻す,
voice_012_036,優位を保つ,
voice_012_037,ここから読み切る,
voice_012_038,一気に主導権を握る,
voice_012_039,金矢倉,
voice_012_040,銀矢倉,
voice_012_041,片矢倉,
voice_012_042,菊水矢倉,
voice_012_043,菱矢倉,
voice_012_044,土居囲い,
voice_012_045,総矢倉,
voice_012_046,銀立ち矢倉,
voice_012_047,矢倉穴熊,
voice_012_048,カブト囲い,
voice_012_049,右矢倉,
voice_012_050,雁木囲い,
voice_012_051,居飛車穴熊,
voice_012_052,居飛穴音無しの構え,
voice_012_053,松尾流穴熊,
voice_012_054,銀冠穴熊,
voice_012_055,左美濃,
voice_012_056,天守閣美濃,
voice_012_057,カニ囲い,
voice_012_058,早囲い,
voice_012_059,中住まい,
voice_012_060,中原玉,
voice_012_061,elmo囲い,
voice_012_062,美濃囲い,
voice_012_063,片美濃囲い,
voice_012_064,高美濃囲い,
voice_012_065,木村美濃,
voice_012_066,金美濃,
voice_012_067,銀美濃,
voice_012_068,ダイヤモンド美濃,
voice_012_069,ちょんまげ美濃,
voice_012_070,大山美濃,
voice_012_071,ずれ美濃,
voice_012_072,坊主美濃,
voice_012_073,升田美濃,
voice_012_074,プラチナ美濃,
voice_012_075,四枚美濃,
voice_012_076,美濃熊囲い,
voice_012_077,振り飛車穴熊,
voice_012_078,銀冠,
voice_012_079,端玉銀冠,
voice_012_080,金冠,
voice_012_081,金盾囲い,
voice_012_082,金無双,
voice_012_083,アヒル囲い,
voice_012_084,ALSOK囲い,
voice_012_085,いちご囲い,
voice_012_086,大隅囲い,
voice_012_087,空中楼閣,
voice_012_088,串カツ囲い,
voice_012_089,裾固め,
voice_012_090,箱入り娘,
voice_012_091,舟囲い,
voice_012_092,ビッグ４,
voice_012_093,ボナンザ囲い,
voice_012_094,ミレニアム囲い,
voice_012_095,無敵囲い,
voice_012_096,相掛かり,
voice_012_097,相掛かり棒銀,
voice_012_098,飯島流相掛かり引き角,
voice_012_099,中原流相掛かり,
voice_012_100,ひねり飛車,
voice_012_101,塚田スペシャル,
voice_012_102,UFO銀,
voice_012_103,横歩取り,
voice_012_104,相横歩取り,
voice_012_105,青野流,
voice_012_106,８五飛車,
voice_012_107,４五角戦法,
voice_012_108,勇気流,
voice_012_109,竹部スペシャル,
voice_012_110,２三歩戦法,
voice_012_111,３三角型空中戦法,
voice_012_112,３三桂戦法,
voice_012_113,角換わり,
voice_012_114,腰掛け銀,
voice_012_115,角換わり棒銀,
voice_012_116,角換わり右玉,
voice_012_117,一手損角換わり,
voice_012_118,木村定跡,
voice_012_119,阿久津流急戦矢倉,
voice_012_120,中原流急戦矢倉,
voice_012_121,米長流急戦矢倉,
voice_012_122,矢倉棒銀,
voice_012_123,脇システム,
voice_012_124,森下システム,
voice_012_125,３七銀戦法,
voice_012_126,四手角,
voice_012_127,ウソ矢倉,
voice_012_128,左美濃急戦,
voice_012_129,居角左美濃急戦,
voice_012_130,忍者銀,
voice_012_131,新型雁木,
voice_012_132,ツノ銀雁木,
voice_012_133,対振り飛車持久戦,
voice_012_134,飯島流引き角戦法,
voice_012_135,鷺宮定跡,
voice_012_136,４六銀左急戦,
voice_012_137,４六銀右急戦,
voice_012_138,４五歩早仕掛け,
voice_012_139,山田定跡,
voice_012_140,エルモ急戦,
voice_012_141,へなちょこ急戦,
voice_012_142,玉頭位取り,
voice_012_143,５筋位取り,
voice_012_144,５七金戦法,
voice_012_145,超急戦,
voice_012_146,超速,
voice_012_147,丸山ワクチン,
voice_012_148,棒金,
voice_012_149,棒銀,
voice_012_150,原始棒銀,
voice_012_151,早繰り銀,
voice_012_152,右四間飛車,
voice_012_153,右四間飛車急戦,
voice_012_154,右四間飛車左美濃,
voice_012_155,袖飛車,
voice_012_156,羽生式袖飛車,
voice_012_157,加藤流袖飛車,
voice_012_158,中原飛車,
voice_012_159,地下鉄飛車,
voice_012_160,腰掛け銀,
voice_012_161,腰掛け金,
voice_012_162,雀刺し,
voice_012_163,鳥刺し,
voice_012_164,鎖鎌銀,
voice_012_165,ポンポン桂,
voice_012_166,新米長玉,
voice_012_167,四間飛車,
voice_012_168,角道オープン四間飛車,
voice_012_169,藤井システム,
voice_012_170,はく式四間飛車,
voice_012_171,魔界四間飛車,
voice_012_172,耀龍四間飛車,
voice_012_173,立石流,
voice_012_174,錆刀戦法,
voice_012_175,レグスペ,
voice_012_176,三間飛車,
voice_012_177,石田流,
voice_012_178,石田流本組み,
voice_012_179,新石田流,
voice_012_180,早石田,
voice_012_181,升田式石田流,
voice_012_182,楠本式石田流,
voice_012_183,ムリヤリ早石田,
voice_012_184,４→３戦法,
voice_012_185,菅井流三間飛車,
voice_012_186,菅井流ゴキゲン三間飛車,
voice_012_187,トマホーク,
voice_012_188,中田功ＸＰ,
voice_012_189,７八飛戦法,
voice_012_190,カナケンシステム,
voice_012_191,３ニ飛戦法,
voice_012_192,つくつくぼうし戦法,
voice_012_193,真部流,
voice_012_194,中飛車,
voice_012_195,ゴキゲン中飛車,
voice_012_196,先手中飛車,
voice_012_197,原始中飛車,
voice_012_198,ツノ銀中飛車,
voice_012_199,英ちゃん流中飛車,
voice_012_200,中飛車左穴熊,
voice_012_201,遠山流,
voice_012_202,矢倉中飛車,
voice_012_203,平目,
voice_012_204,向飛車,
voice_012_205,ダイレクト向かい飛車,
voice_012_206,鬼殺し向かい飛車,
voice_012_207,メリケン向かい飛車,
voice_012_208,天彦流向かい飛車,
voice_012_209,菜々河流向かい飛車,
voice_012_210,阪田流向飛車,
voice_012_211,天彦流▲6六角,
voice_012_212,菜々河流△4四角,
voice_012_213,相振り飛車,
voice_012_214,角交換振り飛車,
voice_012_215,陽動振り飛車,
voice_012_216,振り飛車ミレニアム,
voice_012_217,一間飛車,
voice_012_218,一間飛車穴熊,
voice_012_219,九間飛車,
voice_012_220,Uターン飛車,
voice_012_221,７二飛亜急戦,
voice_012_222,玉頭銀,
voice_012_223,右玉,
voice_012_224,糸谷流右玉,
voice_012_225,こいなぎ流右玉,
voice_012_226,セカステ右玉,
voice_012_227,高田流左玉,
voice_012_228,嬉野流,
voice_012_229,新嬉野流,
voice_012_230,鬼殺し,
voice_012_231,新鬼殺し,
voice_012_232,かまいたち戦法,
voice_012_233,筋違い角,
voice_012_234,相筋違い角,
voice_012_235,筋違い角阪田流,
voice_012_236,稲庭戦法,
voice_012_237,阪田流2手目△9四歩,
voice_012_238,角頭歩戦法,
voice_012_239,5手爆弾,
voice_012_240,目くらまし戦法,
voice_012_241,暴銀,
voice_012_242,風車,
voice_012_243,きmきm金,
voice_012_244,カニカニ金,
voice_012_245,カニカニ銀,
voice_012_246,ゴリゴリ金,
voice_012_247,間宮久夢流,
voice_012_248,金沢流,
voice_012_249,都成流,
voice_012_250,やばボーズ流,
voice_012_251,xaby角,
voice_012_252,GAVA角,
voice_012_253,パックマン戦法,
voice_012_254,カメレオン戦法,
voice_012_255,カリスマウィルス,
voice_012_256,ショーダンシステム,
voice_012_257,ハチワンシステム,
voice_012_258,メイドシステム,
voice_012_259,村田システム,
voice_012_260,ドラゴンスペシャル,
voice_012_261,アユムスペシャル,
voice_012_296,工藤流陽動振り飛車,
voice_013_001,"八雲龍玄だ。……盤の前では、肩書きなど無意味。
お主が何を学び、何を目指すのか。その一手で、我輩に示してみよ。",
voice_013_002,始めよう。,
voice_013_003,よろしく頼もう。,
voice_013_004,己の限界に挑むとしよう,
voice_013_005,我が一手に、隙などない,
voice_013_006,良い対局であった。感謝する。,
voice_013_007,まだまだ、衰えんよ,
voice_013_008,これが我輩の到達点だ,
voice_013_009,"来たか。
では始めよう。我輩を、退屈させぬようにな。",
voice_013_010,"良い顔だ。
お主とならば、将棋の極致に至れそうだ。",
voice_013_011,"相掛かりは己の力量が出やすい戦法だ。
もし、お主が今の力量を知りたいなら使ってみるといい。
自分に何が足りないか見えてくるはずだ。",
voice_013_012,"我輩という『壁』を超えるのは孫娘の龍菜かそれともお主か。
楽しみにしておるぞ。",
voice_013_013,"昔、軽率な一手で痛い目を見てな 。
それ以降、常にこれが最善か自分自身に問いかけている。",
voice_013_014,"盆栽も将棋も、一朝一夕では成らん。
じっくりと腰を据えて、本質と向き合う。そういう実直な営みが好きなのだ。",
voice_013_015,"少し休め 。
休むことも、修行の内だ。",
voice_013_016,"散歩の途中に、ふと新たな将棋の手が浮かぶ 。
将棋の奥深さは、終ぞ我輩を魅了する。",
voice_013_017,"悩みがあるなら、いつでもここへ来るといい。
話をするだけでも、気が楽になるぞ。",
voice_013_018,"今のお主ならば、我輩の全力をぶつけるに値する。
八雲龍玄の将棋を、その目に焼き付けるがいい。
さあ、始めよう。",
voice_013_019,心遣いに感謝する 。,
voice_013_020,"ほう……我輩の好みをよく理解している 。
ありがたく受け取ろう。",
voice_013_021,"お主の指し手はよくなっている。
そのまま、精進することだ。",
voice_013_022,"慢心せず、一歩ずつ積み重ねることだ 。
お主の歩みは、盤上に確かな足跡を刻みつつある 。",
voice_013_023,"お主の一手に、思わず考え込んだぞ。
成長したな。",
voice_013_024,"お主の手を見ていると、我輩の中の熱が疼いてくる。
その時が来るのを楽しみにしている。",
voice_013_025,"お主も最初の頃と比べて、随分と成長したな。さて、指導は終わりだ。
ここからは、一人の棋士として今のお主と『本気』で指したい。
さあ、対局といこうか。",
voice_013_026,"お主が我輩の弟子か。
ならば……問わねばならんな。
修羅の道に進む覚悟はあるか？",
voice_013_027,王手だ。,
voice_013_028,この駒としよう,
voice_013_029,詰みだ,
voice_013_030,見事……我輩もまだまだだな,
voice_013_031,引き分けか,
voice_013_032,時間切れか,
voice_013_033,最後まで読み切るとしよう,
voice_013_034,成るとしよう,
voice_013_035,耐え時か,
voice_013_036,機は熟した,
voice_013_037,まだ終わらぬよ,
voice_013_038,この駒の真価を、その目に焼き付けよ！,
voice_013_039,金矢倉,
voice_013_040,銀矢倉,
voice_013_041,片矢倉,
voice_013_042,菊水矢倉,
voice_013_043,菱矢倉,
voice_013_044,土居囲い,
voice_013_045,総矢倉,
voice_013_046,銀立ち矢倉,
voice_013_047,矢倉穴熊,
voice_013_048,カブト囲い,
voice_013_049,右矢倉,
voice_013_050,雁木囲い,
voice_013_051,居飛車穴熊,
voice_013_052,居飛穴音無しの構え,
voice_013_053,松尾流穴熊,
voice_013_054,銀冠穴熊,
voice_013_055,左美濃,
voice_013_056,天守閣美濃,
voice_013_057,カニ囲い,
voice_013_058,早囲い,
voice_013_059,中住まい,
voice_013_060,中原玉,
voice_013_061,elmo囲い,
voice_013_062,美濃囲い,
voice_013_063,片美濃囲い,
voice_013_064,高美濃囲い,
voice_013_065,木村美濃,
voice_013_066,金美濃,
voice_013_067,銀美濃,
voice_013_068,ダイヤモンド美濃,
voice_013_069,ちょんまげ美濃,
voice_013_070,大山美濃,
voice_013_071,ずれ美濃,
voice_013_072,坊主美濃,
voice_013_073,升田美濃,
voice_013_074,プラチナ美濃,
voice_013_075,四枚美濃,
voice_013_076,美濃熊囲い,
voice_013_077,振り飛車穴熊,
voice_013_078,銀冠,
voice_013_079,端玉銀冠,
voice_013_080,金冠,
voice_013_081,金盾囲い,
voice_013_082,金無双,
voice_013_083,アヒル囲い,
voice_013_084,ALSOK囲い,
voice_013_085,いちご囲い,
voice_013_086,大隅囲い,
voice_013_087,空中楼閣,
voice_013_088,串カツ囲い,
voice_013_089,裾固め,
voice_013_090,箱入り娘,
voice_013_091,舟囲い,
voice_013_092,ビッグ４,
voice_013_093,ボナンザ囲い,
voice_013_094,ミレニアム囲い,
voice_013_095,無敵囲い,
voice_013_096,相掛かり,
voice_013_097,相掛かり棒銀,
voice_013_098,飯島流相掛かり引き角,
voice_013_099,中原流相掛かり,
voice_013_100,ひねり飛車,
voice_013_101,塚田スペシャル,
voice_013_102,UFO銀,
voice_013_103,横歩取り,
voice_013_104,相横歩取り,
voice_013_105,青野流,
voice_013_106,８五飛車,
voice_013_107,４五角戦法,
voice_013_108,勇気流,
voice_013_109,竹部スペシャル,
voice_013_110,２三歩戦法,
voice_013_111,３三角型空中戦法,
voice_013_112,３三桂戦法,
voice_013_113,角換わり,
voice_013_114,腰掛け銀,
voice_013_115,角換わり棒銀,
voice_013_116,角換わり右玉,
voice_013_117,一手損角換わり,
voice_013_118,木村定跡,
voice_013_119,阿久津流急戦矢倉,
voice_013_120,中原流急戦矢倉,
voice_013_121,米長流急戦矢倉,
voice_013_122,矢倉棒銀,
voice_013_123,脇システム,
voice_013_124,森下システム,
voice_013_125,３七銀戦法,
voice_013_126,四手角,
voice_013_127,ウソ矢倉,
voice_013_128,左美濃急戦,
voice_013_129,居角左美濃急戦,
voice_013_130,忍者銀,
voice_013_131,新型雁木,
voice_013_132,ツノ銀雁木,
voice_013_133,対振り飛車持久戦,
voice_013_134,飯島流引き角戦法,
voice_013_135,鷺宮定跡,
voice_013_136,４六銀左急戦,
voice_013_137,４六銀右急戦,
voice_013_138,４五歩早仕掛け,
voice_013_139,山田定跡,
voice_013_140,エルモ急戦,
voice_013_141,へなちょこ急戦,
voice_013_142,玉頭位取り,
voice_013_143,５筋位取り,
voice_013_144,５七金戦法,
voice_013_145,超急戦,
voice_013_146,超速,
voice_013_147,丸山ワクチン,
voice_013_148,棒金,
voice_013_149,棒銀,
voice_013_150,原始棒銀,
voice_013_151,早繰り銀,
voice_013_152,右四間飛車,
voice_013_153,右四間飛車急戦,
voice_013_154,右四間飛車左美濃,
voice_013_155,袖飛車,
voice_013_156,羽生式袖飛車,
voice_013_157,加藤流袖飛車,
voice_013_158,中原飛車,
voice_013_159,地下鉄飛車,
voice_013_160,腰掛け銀,
voice_013_161,腰掛け金,
voice_013_162,雀刺し,
voice_013_163,鳥刺し,
voice_013_164,鎖鎌銀,
voice_013_165,ポンポン桂,
voice_013_166,新米長玉,
voice_013_167,四間飛車,
voice_013_168,角道オープン四間飛車,
voice_013_169,藤井システム,
voice_013_170,はく式四間飛車,
voice_013_171,魔界四間飛車,
voice_013_172,耀龍四間飛車,
voice_013_173,立石流,
voice_013_174,錆刀戦法,
voice_013_175,レグスペ,
voice_013_176,三間飛車,
voice_013_177,石田流,
voice_013_178,石田流本組み,
voice_013_179,新石田流,
voice_013_180,早石田,
voice_013_181,升田式石田流,
voice_013_182,楠本式石田流,
voice_013_183,ムリヤリ早石田,
voice_013_184,４→３戦法,
voice_013_185,菅井流三間飛車,
voice_013_186,菅井流ゴキゲン三間飛車,
voice_013_187,トマホーク,
voice_013_188,中田功ＸＰ,
voice_013_189,７八飛戦法,
voice_013_190,カナケンシステム,
voice_013_191,３ニ飛戦法,
voice_013_192,つくつくぼうし戦法,
voice_013_193,真部流,
voice_013_194,中飛車,
voice_013_195,ゴキゲン中飛車,
voice_013_196,先手中飛車,
voice_013_197,原始中飛車,
voice_013_198,ツノ銀中飛車,
voice_013_199,英ちゃん流中飛車,
voice_013_200,中飛車左穴熊,
voice_013_201,遠山流,
voice_013_202,矢倉中飛車,
voice_013_203,平目,
voice_013_204,向飛車,
voice_013_205,ダイレクト向かい飛車,
voice_013_206,鬼殺し向かい飛車,
voice_013_207,メリケン向かい飛車,
voice_013_208,天彦流向かい飛車,
voice_013_209,菜々河流向かい飛車,
voice_013_210,阪田流向飛車,
voice_013_211,天彦流▲6六角,
voice_013_212,菜々河流△4四角,
voice_013_213,相振り飛車,
voice_013_214,角交換振り飛車,
voice_013_215,陽動振り飛車,
voice_013_216,振り飛車ミレニアム,
voice_013_217,一間飛車,
voice_013_218,一間飛車穴熊,
voice_013_219,九間飛車,
voice_013_220,Uターン飛車,
voice_013_221,７二飛亜急戦,
voice_013_222,玉頭銀,
voice_013_223,右玉,
voice_013_224,糸谷流右玉,
voice_013_225,こいなぎ流右玉,
voice_013_226,セカステ右玉,
voice_013_227,高田流左玉,
voice_013_228,嬉野流,
voice_013_229,新嬉野流,
voice_013_230,鬼殺し,
voice_013_231,新鬼殺し,
voice_013_232,かまいたち戦法,
voice_013_233,筋違い角,
voice_013_234,相筋違い角,
voice_013_235,筋違い角阪田流,
voice_013_236,稲庭戦法,
voice_013_237,阪田流2手目△9四歩,
voice_013_238,角頭歩戦法,
voice_013_239,5手爆弾,
voice_013_240,目くらまし戦法,
voice_013_241,暴銀,
voice_013_242,風車,
voice_013_243,きmきm金,
voice_013_244,カニカニ金,
voice_013_245,カニカニ銀,
voice_013_246,ゴリゴリ金,
voice_013_247,間宮久夢流,
voice_013_248,金沢流,
voice_013_249,都成流,
voice_013_250,やばボーズ流,
voice_013_251,xaby角,
voice_013_252,GAVA角,
voice_013_253,パックマン戦法,
voice_013_254,カメレオン戦法,
voice_013_255,カリスマウィルス,
voice_013_256,ショーダンシステム,
voice_013_257,ハチワンシステム,
voice_013_258,メイドシステム,
voice_013_259,村田システム,
voice_013_260,ドラゴンスペシャル,
voice_013_261,アユムスペシャル,
voice_013_296,工藤流陽動振り飛車,
voice_014_001,"あたしは華京 マツリ！
やるからには一番を目指すわ！あんたもそのつもりでいなさいよね！",
voice_014_002,全力で行くわよ！,
voice_014_003,よろしくお願いします。,
voice_014_004,勝つのはあたしよ！,
voice_014_005,えへへ！当然でしょ！,
voice_014_006,"最高の勝負だったわ。
ありがとうございました。",
voice_014_007,あたしの圧勝ね！,
voice_014_008,"最高に決まったわ！
理想通りの一手ね！",
voice_014_009,"あたしを待たせるなんていい度胸ね。
さっさと始めるわよ！",
voice_014_010,"ようやく来たわね！
あんたがいない間、少しだけ寂しかった……なんて、い、言うわけないでしょ！",
voice_014_011,"石田流三間飛車の真髄を教えてあげる。
飛車角はもちろん、銀や桂も攻めの主役になれるのよ。
相手の隙に合わせて攻め方を選べる……この自由度の高さこそ、あたしがこの戦法を使い続ける理由ね。",
voice_014_012,"猫宮さくら……あたしの生涯のライバル！
アイツには負けないんだから！",
voice_014_013,"勝負事なら全て受けてたつわ！
あたしが勝つまで、何度だって相手をしてあげるわ！",
voice_014_014,"ふふーん♪ 
見なさい、この限定スイーツ！並んだ甲斐があったわ！",
voice_014_015,"あんた、顔色悪いわよ？
はい、これ。栄養ドリンクよ。
べ……別に心配なんてしてないんだから！",
voice_014_016,"ちょっと！あんた、あたしの話聞いてるの？
……ふん、聞いてないならこの新作スイーツ、あたしが全部食べちゃうんだから！",
voice_014_017,"あんた、次の休みの予定は？
あたしが行きたいお店、リストアップしておいたから！
当然行くわよね！",
voice_014_018,"あんたの隣は安心するわね。
……あー！今のなしなし！
わ、忘れなさい！",
voice_014_019,ふーん、悪くないわね。,
voice_014_020,"ふふーん♪ 
あんたにしては気が利くじゃない！褒めてあげるわ！",
voice_014_021,あたしの凄さが分かってきたみたいね！,
voice_014_022,"あたしに妥協は無いの！
あんたも頑張りなさい！",
voice_014_023,"ふん！この程度のシゴきで根を上げるなんてまだまだね！
もっと気合入れなさい！",
voice_014_024,"頑張っているあんたにご褒美をあげるわ！
特別に「マツリ」って呼ばせてあげる！
光栄に思いなさい！",
voice_014_025,"これから先……あたしの隣を勝手に離れたら、許さないんだからね！
……いい！一度しか言わないからよく聞きなさい！……大好き！",
voice_014_026,"光栄に思いなさい！このあたしが、あんたを弟子として認めてあげるんだから！
妥協したら、許さないわよ！",
voice_014_027,王手よ！,
voice_014_028,出し惜しみはしないわ,
voice_014_029,詰みよ,
voice_014_030,"くやし～い！
次は負けないわよ！",
voice_014_031,引き分けね,
voice_014_032,時間切れね,
voice_014_033,ここからよ！,
voice_014_034,成るわ,
voice_014_035,今は耐え時ね,
voice_014_036,一気にいくわよ！,
voice_014_037,このままじゃ終われないわ！,
voice_014_038,その目に焼き付けなさい！,
voice_014_039,金矢倉,
voice_014_040,銀矢倉,
voice_014_041,片矢倉,
voice_014_042,菊水矢倉,
voice_014_043,菱矢倉,
voice_014_044,土居囲い,
voice_014_045,総矢倉,
voice_014_046,銀立ち矢倉,
voice_014_047,矢倉穴熊,
voice_014_048,カブト囲い,
voice_014_049,右矢倉,
voice_014_050,雁木囲い,
voice_014_051,居飛車穴熊,
voice_014_052,居飛穴音無しの構え,
voice_014_053,松尾流穴熊,
voice_014_054,銀冠穴熊,
voice_014_055,左美濃,
voice_014_056,天守閣美濃,
voice_014_057,カニ囲い,
voice_014_058,早囲い,
voice_014_059,中住まい,
voice_014_060,中原玉,
voice_014_061,elmo囲い,
voice_014_062,美濃囲い,
voice_014_063,片美濃囲い,
voice_014_064,高美濃囲い,
voice_014_065,木村美濃,
voice_014_066,金美濃,
voice_014_067,銀美濃,
voice_014_068,ダイヤモンド美濃,
voice_014_069,ちょんまげ美濃,
voice_014_070,大山美濃,
voice_014_071,ずれ美濃,
voice_014_072,坊主美濃,
voice_014_073,升田美濃,
voice_014_074,プラチナ美濃,
voice_014_075,四枚美濃,
voice_014_076,美濃熊囲い,
voice_014_077,振り飛車穴熊,
voice_014_078,銀冠,
voice_014_079,端玉銀冠,
voice_014_080,金冠,
voice_014_081,金盾囲い,
voice_014_082,金無双,
voice_014_083,アヒル囲い,
voice_014_084,ALSOK囲い,
voice_014_085,いちご囲い,
voice_014_086,大隅囲い,
voice_014_087,空中楼閣,
voice_014_088,串カツ囲い,
voice_014_089,裾固め,
voice_014_090,箱入り娘,
voice_014_091,舟囲い,
voice_014_092,ビッグ４,
voice_014_093,ボナンザ囲い,
voice_014_094,ミレニアム囲い,
voice_014_095,無敵囲い,
voice_014_096,相掛かり,
voice_014_097,相掛かり棒銀,
voice_014_098,飯島流相掛かり引き角,
voice_014_099,中原流相掛かり,
voice_014_100,ひねり飛車,
voice_014_101,塚田スペシャル,
voice_014_102,UFO銀,
voice_014_103,横歩取り,
voice_014_104,相横歩取り,
voice_014_105,青野流,
voice_014_106,８五飛車,
voice_014_107,４五角戦法,
voice_014_108,勇気流,
voice_014_109,竹部スペシャル,
voice_014_110,２三歩戦法,
voice_014_111,３三角型空中戦法,
voice_014_112,３三桂戦法,
voice_014_113,角換わり,
voice_014_114,腰掛け銀,
voice_014_115,角換わり棒銀,
voice_014_116,角換わり右玉,
voice_014_117,一手損角換わり,
voice_014_118,木村定跡,
voice_014_119,阿久津流急戦矢倉,
voice_014_120,中原流急戦矢倉,
voice_014_121,米長流急戦矢倉,
voice_014_122,矢倉棒銀,
voice_014_123,脇システム,
voice_014_124,森下システム,
voice_014_125,３七銀戦法,
voice_014_126,四手角,
voice_014_127,ウソ矢倉,
voice_014_128,左美濃急戦,
voice_014_129,居角左美濃急戦,
voice_014_130,忍者銀,
voice_014_131,新型雁木,
voice_014_132,ツノ銀雁木,
voice_014_133,対振り飛車持久戦,
voice_014_134,飯島流引き角戦法,
voice_014_135,鷺宮定跡,
voice_014_136,４六銀左急戦,
voice_014_137,４六銀右急戦,
voice_014_138,４五歩早仕掛け,
voice_014_139,山田定跡,
voice_014_140,エルモ急戦,
voice_014_141,へなちょこ急戦,
voice_014_142,玉頭位取り,
voice_014_143,５筋位取り,
voice_014_144,５七金戦法,
voice_014_145,超急戦,
voice_014_146,超速,
voice_014_147,丸山ワクチン,
voice_014_148,棒金,
voice_014_149,棒銀,
voice_014_150,原始棒銀,
voice_014_151,早繰り銀,
voice_014_152,右四間飛車,
voice_014_153,右四間飛車急戦,
voice_014_154,右四間飛車左美濃,
voice_014_155,袖飛車,
voice_014_156,羽生式袖飛車,
voice_014_157,加藤流袖飛車,
voice_014_158,中原飛車,
voice_014_159,地下鉄飛車,
voice_014_160,腰掛け銀,
voice_014_161,腰掛け金,
voice_014_162,雀刺し,
voice_014_163,鳥刺し,
voice_014_164,鎖鎌銀,
voice_014_165,ポンポン桂,
voice_014_166,新米長玉,
voice_014_167,四間飛車,
voice_014_168,角道オープン四間飛車,
voice_014_169,藤井システム,
voice_014_170,はく式四間飛車,
voice_014_171,魔界四間飛車,
voice_014_172,耀龍四間飛車,
voice_014_173,立石流,
voice_014_174,錆刀戦法,
voice_014_175,レグスペ,
voice_014_176,三間飛車,
voice_014_177,石田流,
voice_014_178,石田流本組み,
voice_014_179,新石田流,
voice_014_180,早石田,
voice_014_181,升田式石田流,
voice_014_182,楠本式石田流,
voice_014_183,ムリヤリ早石田,
voice_014_184,４→３戦法,
voice_014_185,菅井流三間飛車,
voice_014_186,菅井流ゴキゲン三間飛車,
voice_014_187,トマホーク,
voice_014_188,中田功ＸＰ,
voice_014_189,７八飛戦法,
voice_014_190,カナケンシステム,
voice_014_191,３ニ飛戦法,
voice_014_192,つくつくぼうし戦法,
voice_014_193,真部流,
voice_014_194,中飛車,
voice_014_195,ゴキゲン中飛車,
voice_014_196,先手中飛車,
voice_014_197,原始中飛車,
voice_014_198,ツノ銀中飛車,
voice_014_199,英ちゃん流中飛車,
voice_014_200,中飛車左穴熊,
voice_014_201,遠山流,
voice_014_202,矢倉中飛車,
voice_014_203,平目,
voice_014_204,向飛車,
voice_014_205,ダイレクト向かい飛車,
voice_014_206,鬼殺し向かい飛車,
voice_014_207,メリケン向かい飛車,
voice_014_208,天彦流向かい飛車,
voice_014_209,菜々河流向かい飛車,
voice_014_210,阪田流向飛車,
voice_014_211,天彦流▲6六角,
voice_014_212,菜々河流△4四角,
voice_014_213,相振り飛車,
voice_014_214,角交換振り飛車,
voice_014_215,陽動振り飛車,
voice_014_216,振り飛車ミレニアム,
voice_014_217,一間飛車,
voice_014_218,一間飛車穴熊,
voice_014_219,九間飛車,
voice_014_220,Uターン飛車,
voice_014_221,７二飛亜急戦,
voice_014_222,玉頭銀,
voice_014_223,右玉,
voice_014_224,糸谷流右玉,
voice_014_225,こいなぎ流右玉,
voice_014_226,セカステ右玉,
voice_014_227,高田流左玉,
voice_014_228,嬉野流,
voice_014_229,新嬉野流,
voice_014_230,鬼殺し,
voice_014_231,新鬼殺し,
voice_014_232,かまいたち戦法,
voice_014_233,筋違い角,
voice_014_234,相筋違い角,
voice_014_235,筋違い角阪田流,
voice_014_236,稲庭戦法,
voice_014_237,阪田流2手目△9四歩,
voice_014_238,角頭歩戦法,
voice_014_239,5手爆弾,
voice_014_240,目くらまし戦法,
voice_014_241,暴銀,
voice_014_242,風車,
voice_014_243,きmきm金,
voice_014_244,カニカニ金,
voice_014_245,カニカニ銀,
voice_014_246,ゴリゴリ金,
voice_014_247,間宮久夢流,
voice_014_248,金沢流,
voice_014_249,都成流,
voice_014_250,やばボーズ流,
voice_014_251,xaby角,
voice_014_252,GAVA角,
voice_014_253,パックマン戦法,
voice_014_254,カメレオン戦法,
voice_014_255,カリスマウィルス,
voice_014_256,ショーダンシステム,
voice_014_257,ハチワンシステム,
voice_014_258,メイドシステム,
voice_014_259,村田システム,
voice_014_260,ドラゴンスペシャル,
voice_014_261,アユムスペシャル,
voice_014_296,工藤流陽動振り飛車,
